Emp ID,First Name,Last Name,DOB,SSN,State
1128,Jessica,Sheppard,5/24/70,###-##-4987,RI
1988,Sarah,Rodriguez,7/18/86,###-##-8700,WY
573,Steven,Parker,9/20/81,###-##-5891,NE
107,Patricia,Bennett,6/08/84,###-##-0424,LA
2040,Lisa,Mathis,1/27/57,###-##-3247,WI
1103,Dale,Garza,9/01/82,###-##-4719,MI
748,Jeffrey,Guerra,10/22/83,###-##-9519,VT
1516,Anthony,Martinez,1/16/58,###-##-0874,OR
1143,Jorge,Howard,4/18/82,###-##-0640,KY
1374,Jennifer,Austin,4/10/84,###-##-4858,WA
1517,Calvin,Sosa,2/28/69,###-##-8986,PA
1649,Isaac,Franco,8/29/89,###-##-3428,ND
566,Norman,Harris,2/10/81,###-##-7233,MN
965,Becky,Carroll,8/16/92,###-##-3619,TX
277,Kellie,Montgomery,3/11/70,###-##-8490,ME
696,Amber,Mullen,5/23/87,###-##-5573,NM
1356,Andrew,Bennett,10/02/88,###-##-5167,OK
1443,Jacob,Taylor,10/16/88,###-##-1835,CA
1423,Gregory,Day,6/07/82,###-##-9482,NV
160,Danielle,Smith,1/31/72,###-##-3726,AZ
1540,Nathan,Sims,6/29/82,###-##-4681,AK
1305,Lisa,Lawrence,12/19/57,###-##-9699,TN
299,Kristen,Morales,5/17/63,###-##-4085,SD
1285,Lee,Terry,2/26/65,###-##-3702,ME
172,Vincent,Williams,3/03/74,###-##-3233,OR
1837,James,Mcfarland,5/29/92,###-##-7711,TX
231,Arthur,Lawrence,6/11/74,###-##-4845,SC
743,Randy,Christian,11/01/62,###-##-4642,MT
290,Ashley,Hurley,8/20/70,###-##-6712,SD
1691,Sarah,Stewart,2/02/69,###-##-1055,IN
1744,Justin,Williams,6/09/76,###-##-4152,WA
615,Frederick,Sanchez,7/21/78,###-##-8901,OR
1427,Sarah,Baldwin,1/10/64,###-##-3313,SC
252,John,Larson,3/13/89,###-##-9091,CT
1418,Christina,Nielsen,4/18/57,###-##-4490,SD
732,Jesse,Jones,2/14/59,###-##-5626,VT
1198,Dorothy,Beltran,11/16/86,###-##-2110,LA
2116,Tammy,Brock,4/24/92,###-##-3729,MN
946,Melissa,Mitchell,3/25/75,###-##-6449,KS
921,James,Ramirez,6/09/83,###-##-6140,FL
1706,Benjamin,Long,12/25/71,###-##-4171,ND
2039,William,Shields,6/19/70,###-##-4599,TN
1378,Crystal,Brooks,11/27/62,###-##-4904,NY
772,Richard,Gilbert,10/11/62,###-##-7467,MO
1558,Beth,Davis,11/17/90,###-##-2566,DE
14,Tyler,Brown,7/13/64,###-##-0128,ME
513,Melissa,Duncan,3/20/85,###-##-5735,NH
1002,Alexandra,Berry,4/10/73,###-##-4917,CA
863,Ashley,Morgan,1/29/57,###-##-5705,ME
1026,Matthew,Beasley,5/30/69,###-##-7294,DE
433,Angela,Gregory,5/14/80,###-##-1822,AR
1404,Michelle,Smith,5/30/91,###-##-5222,ID
657,Kristopher,Meyer,4/06/79,###-##-4588,CO
1875,Patrick,Barron,11/25/85,###-##-9394,AK
285,Mike,Reeves,2/27/63,###-##-8915,GA
875,Heidi,Bell,7/05/58,###-##-9662,TN
586,Donald,Young,5/31/91,###-##-9174,ID
1831,Megan,Smith,12/23/89,###-##-9069,NH
1536,Cheryl,Barrera,7/29/75,###-##-3870,OR
624,Megan,Thomas,7/27/67,###-##-4278,AK
596,Lisa,Stone,1/02/67,###-##-2423,GA
500,Reginald,Smith,5/04/76,###-##-0992,VA
1954,Deborah,Ayers,6/05/80,###-##-8040,GA
1118,Steven,Roberts,4/10/80,###-##-1943,WV
1112,Savannah,Smith,1/29/74,###-##-3554,MS
66,Samantha,Thompson,4/11/58,###-##-8610,TN
1997,Lindsay,Cruz,3/14/70,###-##-9234,MD
1482,Edward,Hamilton,8/06/72,###-##-7328,NE
996,Michelle,Reed,6/11/91,###-##-3749,CA
1015,Jeffrey,Donaldson,8/22/84,###-##-4075,IA
2079,Brittany,Chavez,7/13/82,###-##-4926,WY
23,Christopher,Greene,7/15/63,###-##-3700,ME
1555,Robert,Rangel,1/30/63,###-##-5076,MT
728,Emily,Armstrong,11/10/61,###-##-5902,NH
836,Beth,Estrada,12/08/57,###-##-4848,NY
1620,Donna,Butler,6/12/63,###-##-3521,ID
1597,Cynthia,Wells,5/26/90,###-##-9753,ID
1270,Steve,Medina,11/10/92,###-##-2125,OH
1254,Sharon,Smith,10/31/73,###-##-8540,SC
579,Samuel,Velasquez,12/22/73,###-##-7602,MS
1157,Gabrielle,Martinez,12/25/74,###-##-5050,NC
621,Michelle,Johnson,11/10/90,###-##-3933,NJ
1013,Lauren,Scott,8/23/88,###-##-7641,NV
1251,Brittany,Wagner,1/10/88,###-##-0524,NM
2119,Michael,Romero,11/08/88,###-##-7219,WV
776,Jason,Kelley,6/16/59,###-##-3807,KS
1091,Brad,Jackson,12/27/85,###-##-9351,ME
700,Rodney,Jimenez,5/01/76,###-##-2089,IA
254,Steven,Williams,8/03/72,###-##-1509,HI
1821,Rebecca,Sanders,5/02/70,###-##-7371,ND
1595,Harold,Potts,4/02/60,###-##-7308,MD
1733,Lynn,Cortez,4/20/75,###-##-4492,OH
1213,Stephanie,Sanders,10/27/86,###-##-4035,TN
908,Tyler,Bridges,7/23/90,###-##-1025,LA
246,Edward,Jones,9/05/72,###-##-6467,IL
1125,Bruce,Smith,1/21/61,###-##-4804,AZ
870,Sheila,Bradshaw,10/07/69,###-##-1234,NH
57,Ernest,Jenkins,11/20/66,###-##-5113,WI
430,Lisa,Williams,1/21/86,###-##-0753,MS
226,Anna,Martinez,3/22/77,###-##-1449,ID
444,Lisa,Diaz,2/21/75,###-##-0151,NY
612,Amy,May,1/05/74,###-##-4123,NJ
75,Kathryn,Gibson,1/20/60,###-##-4605,WV
26,Timothy,Kirby,1/26/72,###-##-5417,OR
897,John,Chavez,2/14/72,###-##-4233,MI
1452,Spencer,Cole,10/12/93,###-##-3934,NV
419,Aaron,Klein,3/08/75,###-##-9830,WI
1552,Maxwell,Anderson,9/18/66,###-##-5300,DE
1764,Brian,Schultz,11/02/69,###-##-7839,MA
1920,Heather,Kramer,4/14/59,###-##-2420,IA
1420,Kimberly,Brown,9/16/83,###-##-7936,RI
1836,Justin,Davis,4/30/73,###-##-0965,WY
85,Evan,Johnson,3/03/67,###-##-8890,TX
543,Robert,Sanford,9/09/75,###-##-9997,ND
1283,Meagan,Lopez,6/08/76,###-##-7023,MS
1539,Shawn,Lindsey,10/11/82,###-##-9646,KS
972,Emily,Johnson,10/15/78,###-##-3801,NH
1544,Lance,Chambers,11/06/90,###-##-9888,KS
1669,John,Young,11/22/56,###-##-8229,AL
927,Marcus,Rogers,6/08/76,###-##-3011,KY
1456,Claudia,King,6/28/75,###-##-9304,NJ
979,David,Morton,6/24/83,###-##-2468,RI
2118,Christine,Hines,8/18/64,###-##-7354,NJ
1084,Kimberly,Rice,10/13/74,###-##-5904,SD
750,Joseph,Rose,3/19/65,###-##-3290,RI
758,Christina,Lynn,10/09/76,###-##-4326,MT
987,Kirk,Jones,6/29/69,###-##-7998,WI
799,John,Hughes,10/13/60,###-##-3398,NC
1563,Mariah,Brown,5/08/69,###-##-4973,ME
1359,Anthony,Kelly,8/11/93,###-##-0866,SD
1163,Stephanie,Hamilton,1/27/57,###-##-5919,WV
1083,Antonio,Pitts,8/31/63,###-##-6298,FL
1514,Michael,Rowland,2/07/72,###-##-1666,ID
1490,Barbara,Mitchell,2/08/67,###-##-8486,NC
353,Lindsey,Knight,10/06/90,###-##-2460,NJ
1571,Kristi,Young,6/19/86,###-##-2756,KS
1560,Martha,Castillo,5/16/64,###-##-7382,SD
1176,Denise,Wilson,10/17/84,###-##-7310,WV
1309,Michelle,Taylor,12/14/80,###-##-5485,WI
694,Christine,Miller,11/23/79,###-##-5053,TX
1728,Thomas,Fisher,5/01/59,###-##-5388,HI
1079,Isaac,Mathis,4/22/63,###-##-7781,AZ
1204,Stephanie,Welch,8/07/67,###-##-8938,LA
1466,Chelsea,Lang,11/05/86,###-##-7524,HI
1255,Christopher,Mcguire,7/09/64,###-##-5513,NY
28,Charles,Heath,11/19/70,###-##-8882,MT
1241,Karen,Mcgee,11/26/61,###-##-0476,VA
2018,Michael,Waller,3/28/61,###-##-3017,TX
1928,Robert,Thompson,12/08/70,###-##-9037,WV
1905,Leslie,Nichols,12/08/70,###-##-3232,MN
889,Amy,Reed,10/22/63,###-##-1180,NY
623,Nicole,Harris,1/25/70,###-##-5820,MO
1454,James,Newman,7/02/94,###-##-3909,AR
1790,Tristan,Vasquez,3/30/61,###-##-1028,KS
416,Robert,Fritz,6/03/66,###-##-3095,DE
459,Stephen,Foster,7/07/86,###-##-2622,CO
1930,David,Robertson,11/08/85,###-##-2514,MS
1402,Michael,Chang,8/09/83,###-##-8493,NV
1682,Amy,Martinez,8/02/59,###-##-1543,WV
805,Benjamin,Johnson,4/26/74,###-##-9312,MO
1767,Anthony,Moore,12/22/59,###-##-1898,IN
1231,Amy,Burns,8/26/60,###-##-6040,TN
1849,Bryan,Nelson,4/11/75,###-##-0949,IL
1228,Bryan,Larsen,10/16/60,###-##-7673,OH
1439,Robert,Barr,3/26/81,###-##-5223,VA
2000,Kathleen,Johnson,4/19/85,###-##-1364,ME
991,Sean,Conley,8/02/83,###-##-5803,NV
506,Kirsten,Ho,11/23/74,###-##-6496,ME
11,Nicholas,Harrison,12/22/58,###-##-5796,NY
451,Cheyenne,Downs,11/09/66,###-##-0100,RI
603,Kevin,Manning,4/07/76,###-##-9575,MT
486,Marie,Novak,9/23/61,###-##-8322,NJ
186,Derrick,Martin,1/21/59,###-##-7014,NJ
502,Melissa,King,3/25/58,###-##-3851,OR
176,Adam,Cherry,9/27/81,###-##-1736,ID
374,Andrea,Mcneil,4/11/86,###-##-3917,HI
545,Alison,Torres,1/18/92,###-##-2807,OR
1918,Michelle,Taylor,2/24/86,###-##-9645,MN
1751,Jesus,Young,4/14/66,###-##-4117,IA
1183,Cody,Smith,5/19/58,###-##-1743,GA
200,Jessica,Collins,11/12/87,###-##-1222,MN
1511,Kyle,Perkins,11/18/66,###-##-9580,MI
704,Cindy,Sellers,1/14/57,###-##-1112,GA
65,Casey,Weaver,3/20/91,###-##-6829,SC
2057,Debra,Ford,12/11/71,###-##-4528,MO
1481,Kathleen,Smith,12/31/80,###-##-3766,CO
1708,Alexander,Collins,5/29/84,###-##-9653,SD
1030,Rebecca,Oneal,10/01/75,###-##-7157,SC
914,Angela,Wilson,12/19/67,###-##-6254,AR
368,Kelsey,Ramirez,11/22/78,###-##-8811,NC
1513,Ivan,Hill,8/28/68,###-##-0083,OH
1284,Kevin,Lane,5/31/82,###-##-7964,LA
1153,Kevin,Jimenez,5/24/60,###-##-4965,VT
407,Edward,Hall,2/24/91,###-##-0151,NC
1219,Lisa,Jacobson,12/08/69,###-##-5217,CT
455,Jeremy,Perez,6/22/90,###-##-3952,TX
1625,Morgan,Rodriguez,2/13/88,###-##-9618,NC
1090,Matthew,Meadows,7/20/74,###-##-5815,ID
372,Lisa,Stephens,6/22/94,###-##-6572,AZ
1607,William,Wilkerson,11/30/68,###-##-4399,GA
148,Kristina,Young,9/22/87,###-##-8377,IA
1553,Susan,Reid,6/26/65,###-##-2591,NJ
705,Elizabeth,Turner,11/25/67,###-##-5101,NC
1350,Whitney,Goodman,2/20/89,###-##-6689,IN
292,Erica,Thomas,7/29/77,###-##-0938,KS
2097,Hailey,Riggs,4/01/72,###-##-2619,CO
1099,Jeffery,Webster,10/23/59,###-##-3861,TN
1959,Elizabeth,Anderson,4/21/84,###-##-1828,TN
1651,Jessica,Jackson,1/01/85,###-##-4999,MD
1034,Jim,Williams,11/30/73,###-##-4033,DE
1336,Michael,Lane,3/09/67,###-##-2550,TX
2054,Pamela,Guerra,7/31/59,###-##-0796,AK
1509,Scott,Brown,3/28/78,###-##-6997,MT
131,Alexis,Medina,10/03/74,###-##-2841,MI
140,Kimberly,Robles,8/25/84,###-##-3199,WV
937,Joel,Lara,3/06/59,###-##-1980,CT
1277,Chelsea,Rivera,2/14/86,###-##-1067,MI
720,Brandon,Davis,2/06/59,###-##-9493,NV
2092,George,Summers,9/22/93,###-##-6604,NV
729,Heather,Martinez,4/08/77,###-##-3793,OK
1502,Sharon,Jones,2/10/86,###-##-0973,ND
786,Gabriela,Stewart,7/22/87,###-##-4654,WY
1898,Mary,Camacho,8/29/67,###-##-4308,OK
681,Rebecca,Lewis,12/04/81,###-##-9952,NJ
2022,Michelle,Patel,7/19/59,###-##-1627,IA
42,Joel,Stanton,11/30/84,###-##-9603,RI
1527,Carly,Robinson,4/07/90,###-##-8685,VA
661,Jocelyn,Boyd,4/08/76,###-##-3078,CT
1409,Mark,Hayes,11/04/79,###-##-3981,MI
1683,Nicole,Gordon,11/26/74,###-##-2074,KY
334,Kevin,Cummings,11/10/63,###-##-9813,MA
855,Brianna,Coleman,6/22/86,###-##-4898,ID
448,Tamara,Nash,12/10/85,###-##-4178,SC
134,Rodney,Hart,12/13/75,###-##-2389,AZ
1156,Steven,Martin,4/03/70,###-##-6426,KY
472,Denise,Alexander,3/14/92,###-##-1207,OK
809,Erin,Brown,5/23/80,###-##-5035,WY
1576,Joseph,Schmidt,4/29/94,###-##-7769,IL
1000,Paul,Villa,8/23/73,###-##-4562,NC
524,Harold,Torres,10/01/82,###-##-9806,WV
366,William,Richmond,3/29/83,###-##-4633,LA
960,Mary,Day,2/14/82,###-##-5865,IN
311,Jennifer,Fuentes,4/14/73,###-##-5121,GA
1783,Brandon,Sanders,12/07/62,###-##-1120,WI
1394,Kathy,Wilson,1/18/67,###-##-1177,MO
688,Joseph,Ward,8/07/59,###-##-9600,VA
1347,Jessica,Gillespie,3/03/86,###-##-0215,AL
38,Anthony,Hopkins,8/08/88,###-##-2095,IA
721,Brittany,Owens,4/21/90,###-##-3729,ME
235,James,Hunter,4/01/91,###-##-0818,GA
1798,Jason,Soto,3/09/68,###-##-5038,AK
563,Brandon,Phillips,6/20/86,###-##-2666,AL
302,Emily,Cox,4/03/73,###-##-1929,NC
2033,Kayla,Reese,12/21/69,###-##-6984,NE
1065,Gavin,Rivera,10/04/72,###-##-6271,SD
1188,Miranda,Mcdonald,11/29/72,###-##-4147,MI
1037,Jerry,Wilson,9/05/62,###-##-6641,IA
1584,Barbara,Oconnor,11/15/82,###-##-9780,WV
860,Audrey,Moss,1/07/69,###-##-5042,WV
415,Courtney,Bennett,9/27/87,###-##-4205,IL
584,James,Rangel,7/10/82,###-##-4627,ME
1757,Samantha,Martin,10/15/88,###-##-1617,LA
1041,Rachel,Neal,4/09/91,###-##-2388,ME
641,Linda,Brown,6/03/85,###-##-0152,MS
1960,Valerie,Cummings,9/04/69,###-##-3223,WI
1662,Jacqueline,Hoffman,10/23/61,###-##-2618,ID
590,Miguel,Buck,3/05/85,###-##-6117,WI
1570,Charles,Garrison,7/18/57,###-##-2506,TX
736,John,Wright,6/10/90,###-##-9753,LA
1533,Amy,Pratt,2/25/88,###-##-1616,AK
2082,Spencer,Clark,2/14/57,###-##-1777,VT
1619,Christopher,Johnson,5/14/75,###-##-0661,OH
1494,Stephanie,Goodwin,3/07/70,###-##-4487,NH
491,Kimberly,Rasmussen,12/06/81,###-##-5834,NJ
1982,Rachel,Hayes,5/18/83,###-##-3885,OR
2028,Tony,Pitts,12/23/88,###-##-5643,AZ
1280,Joshua,Adams,1/29/76,###-##-5919,OR
310,Anthony,Smith,3/29/62,###-##-0832,LA
1435,Tiffany,Vargas,12/16/68,###-##-3210,ME
422,Brian,Fry,11/20/72,###-##-2425,MI
323,Jesse,Jones,4/11/89,###-##-5926,WV
821,Mark,Allen,10/17/78,###-##-5259,AZ
206,Evan,Bryan,12/22/77,###-##-2978,OR
2023,Zoe,Wilson,10/30/89,###-##-9478,VA
740,Jerome,Burns,6/16/61,###-##-4140,HI
352,Michael,Roberts,6/19/80,###-##-1994,CA
1643,Jonathan,Marsh,3/11/62,###-##-2496,AL
815,Amanda,Barrett,12/05/76,###-##-4090,ND
1036,Andrew,Davis,11/23/93,###-##-9582,KS
1467,Audrey,Little,3/13/65,###-##-7930,AL
1652,Scott,Yates,7/16/74,###-##-2195,MN
1847,Charles,Harper,9/15/64,###-##-4143,KY
1968,Gabrielle,Morris,3/28/66,###-##-7804,PA
1425,Rachel,Howard,2/24/80,###-##-8484,WY
1739,Diane,Clark,4/17/72,###-##-4221,SD
1824,Cynthia,Davis,10/26/62,###-##-4868,OR
317,Cynthia,Cortez,11/06/72,###-##-6986,MA
910,Jennifer,Bradley,5/22/84,###-##-4366,MI
523,Austin,Cervantes,8/26/78,###-##-0673,MO
982,Christopher,Werner,11/06/61,###-##-2052,MI
929,Joseph,Avila,5/09/71,###-##-6515,IN
1926,Douglas,Saunders,11/24/90,###-##-7909,NE
1129,Robin,Rios,3/25/71,###-##-5116,WY
2068,Matthew,Kirby,4/09/78,###-##-5264,VT
280,Carol,Jones,9/23/88,###-##-8830,VT
1147,Larry,Cook,10/18/87,###-##-4533,NV
1641,Paul,Taylor,8/27/93,###-##-2129,NM
1057,Charlotte,Townsend,6/15/78,###-##-2012,IA
1316,Andrew,Molina,6/23/59,###-##-9589,IN
401,Christina,Blevins,3/12/76,###-##-5666,WV
834,Amy,Nixon,8/26/58,###-##-8968,WV
818,Lori,Wade,7/25/78,###-##-1684,MN
1768,Cassandra,Knight,6/16/77,###-##-3338,OR
1095,Timothy,Miller,3/25/67,###-##-4271,DE
1760,Matthew,Byrd,11/19/63,###-##-2667,CT
1438,Eric,Cross,11/19/82,###-##-2123,IL
691,Keith,Fisher,8/08/68,###-##-8435,NH
142,Brian,Wiley,11/24/90,###-##-7693,PA
708,Katherine,Cain,9/07/76,###-##-1330,NE
1101,Lisa,Little,12/05/85,###-##-9815,DE
168,Elizabeth,Martin,5/05/79,###-##-1796,IL
1743,Kimberly,Rangel,9/16/90,###-##-8213,NJ
345,Michele,Cameron,10/26/69,###-##-5529,NC
193,Carolyn,James,9/26/80,###-##-8421,OK
919,Shannon,Stephens,2/03/82,###-##-1082,OK
1422,Paul,Thomas,8/20/88,###-##-1201,ND
850,Jennifer,Silva,2/13/84,###-##-2957,NH
1445,Olivia,Price,1/15/91,###-##-3802,NJ
251,William,Mendoza,1/16/63,###-##-7434,TN
464,Robert,Hill,12/11/74,###-##-9668,AK
1746,Christopher,Harris,8/12/90,###-##-3876,AZ
1940,Anna,Bradshaw,7/29/67,###-##-9055,IN
726,Stephanie,Gomez,10/21/77,###-##-9738,AR
757,Travis,Huber,7/26/91,###-##-0959,NJ
1458,Frederick,Jackson,5/13/92,###-##-1210,NH
269,Robert,Shaw,1/31/80,###-##-6108,IN
255,Brianna,Black,4/06/73,###-##-0172,OR
305,Thomas,Moon,4/24/86,###-##-9313,MO
367,Cynthia,Brown,8/05/93,###-##-1496,RI
1038,Christopher,Bailey,3/13/57,###-##-8123,IA
1762,Adam,Perkins,7/10/83,###-##-5728,WY
369,Anita,Gray,1/26/66,###-##-2599,WI
1138,Michelle,Hall,2/04/91,###-##-4844,NY
1022,Matthew,Mcdaniel,6/16/67,###-##-8605,ID
737,Renee,Freeman,2/13/92,###-##-2091,UT
1375,Donald,Williams,10/28/71,###-##-9180,AK
50,Karen,Leach,8/20/71,###-##-8595,IL
2085,Andrew,Bailey,3/20/74,###-##-3535,WV
2055,Leslie,Obrien,11/20/80,###-##-6722,HI
828,Michael,Garcia,10/15/77,###-##-4735,KY
1835,Tina,Hopkins,3/08/73,###-##-4551,AR
882,Kelsey,Pierce,6/11/59,###-##-5971,UT
253,John,Robinson,8/18/92,###-##-6499,IA
188,Sandra,Cooper,1/07/61,###-##-0052,MD
534,Morgan,Serrano,1/01/67,###-##-8728,TN
1440,Arthur,Jones,12/08/76,###-##-7004,NH
1426,Michele,Kane,3/18/91,###-##-0762,CO
163,Justin,Chambers,12/11/74,###-##-6828,RI
1967,Victoria,Odonnell,11/15/90,###-##-7860,ID
1148,Robert,Tate,6/19/58,###-##-7912,DE
1441,Kimberly,Harrison,1/22/83,###-##-8825,KS
395,Madison,Herrera,10/10/94,###-##-7928,NJ
1495,Pamela,Duke,1/29/91,###-##-0016,VT
1983,Michelle,Mahoney,8/24/67,###-##-1696,MD
483,Emma,Rivera,12/01/68,###-##-2448,MN
1018,Timothy,Kidd,10/16/69,###-##-8122,CO
2088,Robert,Anderson,3/28/60,###-##-8513,AR
521,Lauren,Christian,4/07/74,###-##-1600,AZ
156,Robert,Leblanc,8/06/89,###-##-6589,MO
250,Samuel,Oneill,12/28/69,###-##-1134,RI
1919,Jessica,Davis,7/21/91,###-##-8089,WA
790,Robert,Hall,6/20/76,###-##-1556,OR
350,Jimmy,Williams,1/12/66,###-##-3576,ID
1961,Angelica,Stephenson,6/26/89,###-##-2867,UT
476,Sabrina,Brooks,5/04/63,###-##-6105,WA
1593,Andrew,Scott,4/18/92,###-##-5721,ME
1291,John,Johnson,9/02/70,###-##-4967,MI
149,Brandon,Lewis,7/17/65,###-##-7154,GA
1001,Brandon,Williams,6/04/67,###-##-1612,SC
1773,Brad,Mullins,1/25/67,###-##-0326,WV
2012,Philip,Murphy,5/23/66,###-##-1846,WV
832,Justin,Webster,8/29/57,###-##-6035,KY
1923,Tiffany,Brown,4/04/80,###-##-5633,PA
278,Jeff,Hall,3/10/70,###-##-4574,NJ
1408,Jason,Hernandez,6/19/57,###-##-6120,MS
8,Patrick,Flores,12/05/81,###-##-5389,TX
2083,Samantha,Arnold,11/29/87,###-##-6311,DE
879,Jamie,Garcia,5/22/82,###-##-4211,VT
304,Samantha,Barnes,12/26/67,###-##-5686,CT
667,Jason,Kelly,8/30/69,###-##-6812,NC
1314,Kimberly,Brown,5/09/66,###-##-7723,NM
2064,Kristen,Lopez,1/26/73,###-##-0026,KS
712,Megan,Christian,3/09/77,###-##-1901,RI
854,Brianna,Cole,1/19/69,###-##-1009,WY
297,Michael,Lee,12/25/85,###-##-8986,IA
741,Jason,Flores,8/06/82,###-##-7461,ND
1929,Matthew,Conway,1/14/74,###-##-8056,IL
256,Katie,Chavez,7/22/94,###-##-4583,OH
887,Michael,Johnson,3/01/81,###-##-8551,AR
771,Kimberly,Morrison,10/29/66,###-##-2813,NC
1349,Michelle,Lopez,7/24/66,###-##-5544,OH
989,Willie,Washington,1/06/68,###-##-5431,OH
1911,Timothy,Palmer,12/18/90,###-##-9679,TX
531,Melvin,Coleman,2/23/89,###-##-1451,NY
755,Jessica,Mcguire,4/11/78,###-##-4362,AR
1680,Rachael,Dunlap,10/10/81,###-##-1019,VA
780,James,Oconnor,8/30/81,###-##-3755,ID
1592,Ronald,Koch,1/31/94,###-##-2722,RI
1809,Edward,Johnson,11/15/89,###-##-2991,AR
538,Julie,King,2/26/86,###-##-6609,NH
421,Katherine,Vargas,10/05/69,###-##-7601,AZ
1178,Linda,Finley,1/15/65,###-##-5300,SC
1401,Peter,Gardner,10/11/59,###-##-8035,DE
1307,Aaron,Anderson,11/26/76,###-##-6955,MO
1585,Laura,Nichols,4/13/89,###-##-0883,OK
565,Dale,Watkins,10/26/94,###-##-9944,AR
1043,Kenneth,Smith,7/06/58,###-##-4322,GA
209,Kristen,Thompson,5/15/61,###-##-7294,KY
1421,Brittany,Short,6/01/75,###-##-4026,MA
742,Diane,Henson,10/24/87,###-##-8999,DE
569,Dominic,Alvarado,2/26/89,###-##-8246,NM
549,Carol,Harris,2/03/58,###-##-1996,PA
646,Carolyn,Rodriguez,9/30/79,###-##-6457,ME
841,Virginia,Collins,7/14/81,###-##-9157,NC
1288,James,Green,12/14/83,###-##-0300,MS
560,James,Hall,8/20/61,###-##-5656,ND
1754,Alexa,Hoffman,2/15/76,###-##-6980,DE
1608,Brittany,Jenkins,7/10/85,###-##-3941,DE
1820,Anthony,Hatfield,4/30/91,###-##-1190,CA
814,Danielle,Moore,4/20/61,###-##-2190,IN
793,Stephanie,Hooper,12/13/61,###-##-5031,OH
803,Dawn,Schmidt,4/28/85,###-##-1921,IL
602,Teresa,Johnson,8/07/71,###-##-3185,PA
1382,David,Costa,10/01/76,###-##-1318,DE
998,Thomas,Ryan,2/24/93,###-##-5795,GA
303,Kaylee,Morris,10/30/58,###-##-6276,NH
469,Brandon,Ramsey,5/24/83,###-##-9477,OK
371,Brandi,Smith,12/07/59,###-##-0849,MT
1546,Michael,Kramer,1/07/65,###-##-4739,TX
1340,Jennifer,Collins,8/28/94,###-##-9156,NV
68,Kathleen,Cordova,12/15/62,###-##-2943,OR
1749,Cheryl,Adams,6/11/58,###-##-5218,OR
505,Jeff,Myers,9/11/81,###-##-0450,CT
127,Edwin,Barnes,3/10/63,###-##-4450,OK
1942,Adam,Vaughan,2/16/74,###-##-7162,PA
132,Brittany,Johnson,1/14/65,###-##-1617,WY
942,Jennifer,King,5/04/71,###-##-3483,WV
77,Thomas,Collins,12/23/75,###-##-8157,NJ
390,Victoria,Lee,4/30/66,###-##-5617,CT
1306,Elizabeth,Hubbard,6/12/59,###-##-2613,IL
981,Sarah,Zamora,11/13/92,###-##-2194,LA
671,Melissa,Stewart,7/09/70,###-##-2528,IA
54,Alexis,Mccoy,3/10/69,###-##-5527,NH
211,Steven,Phillips,8/04/70,###-##-2964,MT
1992,Alyssa,Evans,3/05/94,###-##-6349,WY
1610,Charlotte,Nelson,12/06/73,###-##-9600,VA
411,Peter,Harding,6/13/73,###-##-7320,WI
45,Scott,Hendricks,11/16/74,###-##-1123,NM
816,Tara,Martinez,8/09/90,###-##-1744,VA
3,Christopher,Shaw,2/25/89,###-##-2623,UT
1062,Priscilla,Franklin,9/14/75,###-##-0352,AK
680,Pamela,Rogers,12/31/64,###-##-3578,NC
1146,Steven,Walters,9/02/91,###-##-6866,KY
1697,Emily,Thompson,2/18/90,###-##-2519,AZ
964,Jason,Peterson,8/20/89,###-##-6448,MI
1613,Bethany,Casey,8/06/69,###-##-1342,MS
528,John,Ford,11/05/86,###-##-5334,OH
170,Robert,Levy,6/10/76,###-##-7263,NC
1411,Edward,Peters,6/02/76,###-##-0801,WA
1679,William,Bush,6/21/76,###-##-0131,CT
1127,Duane,Williams,1/27/61,###-##-9445,OK
9,William,Edwards,6/21/92,###-##-9569,TN
2073,Roger,Wall,4/17/69,###-##-4292,AL
516,Nancy,Moore,3/09/73,###-##-7870,DE
1179,Deborah,Morales,5/24/63,###-##-7227,CT
1106,Cody,Leon,4/26/92,###-##-9067,MA
1756,Mandy,Greer,11/15/87,###-##-9670,NY
824,Brenda,Kent,8/09/61,###-##-9315,NY
402,Jonathan,Ramirez,12/16/81,###-##-8612,NM
1893,Steven,Thompson,1/19/73,###-##-5311,MO
553,Michael,Monroe,4/18/83,###-##-0960,OR
1980,Samuel,Santos,3/14/90,###-##-2063,OK
2046,Lori,Martinez,11/16/59,###-##-8278,NE
293,Paul,Green,10/06/75,###-##-3279,AR
1857,Jessica,Harris,1/25/94,###-##-7804,VA
1717,Jacob,Archer,3/13/61,###-##-3018,MO
1096,Amanda,Fisher,3/15/67,###-##-9755,AR
745,Cynthia,Bonilla,3/23/79,###-##-7002,TN
109,Clarence,Daniels,8/06/92,###-##-9651,OR
2112,David,Wood,3/22/79,###-##-9249,NC
1189,Matthew,Moore,4/13/91,###-##-4233,WY
1058,Alexandra,Paul,9/30/91,###-##-8532,TX
581,Kim,Wells,1/13/81,###-##-5644,NM
1528,Thomas,Cortez,8/08/59,###-##-9213,LA
1216,Nicole,Rodriguez,11/28/72,###-##-4951,OK
405,Katherine,Hernandez,2/08/88,###-##-0837,FL
550,Allen,Perez,8/24/71,###-##-9596,AZ
686,Jacob,Martinez,4/16/65,###-##-0313,KS
498,Jacqueline,Cooper,3/08/63,###-##-9512,DE
905,Stephanie,Davis,10/17/68,###-##-9170,MT
1033,Cathy,Mcgee,2/03/59,###-##-8652,VT
619,Margaret,Smith,5/05/68,###-##-7479,SD
2113,Gina,Bauer,8/13/63,###-##-1576,HI
2111,James,Lucero,2/19/61,###-##-9626,AK
1159,Daniel,Morrison,2/11/76,###-##-5212,MA
536,Vanessa,Rodriguez,10/21/58,###-##-6073,NH
1535,Lauren,Perez,7/03/81,###-##-9578,ME
220,Alicia,Andrade,2/04/77,###-##-0807,CT
1168,Carlos,Gibson,9/16/62,###-##-6761,WI
1415,Kathryn,Sanchez,3/03/72,###-##-9884,NV
580,Thomas,Stout,8/27/90,###-##-5841,MS
1784,Nicholas,Rice,4/21/80,###-##-5065,HI
1144,Jamie,Shields,12/19/83,###-##-8231,OH
1357,Holly,Jones,7/06/58,###-##-4145,GA
48,Aaron,Jones,9/29/87,###-##-6140,ID
32,Heidi,Fowler,2/19/64,###-##-4145,RI
765,Katherine,Benson,12/10/69,###-##-8721,SC
1442,Linda,Robbins,4/21/85,###-##-7171,KY
265,Joseph,Martin,7/24/87,###-##-3577,MN
1823,Anthony,Burns,2/15/69,###-##-2863,VT
1393,Richard,Hahn,3/06/61,###-##-5875,TN
87,Jennifer,Romero,8/14/61,###-##-4582,AL
768,John,Munoz,4/16/91,###-##-5426,CA
2001,Katherine,Maynard,1/14/75,###-##-4906,NJ
902,Willie,Raymond,5/19/61,###-##-4564,MT
1840,Eric,Aguilar,6/19/60,###-##-8610,WI
1074,Tasha,Marquez,6/19/57,###-##-7993,KY
999,Howard,Byrd,4/10/86,###-##-5376,MI
1379,David,Cummings,2/13/83,###-##-7451,OR
1376,Jeanette,Kirk,12/28/81,###-##-2769,WV
532,Melissa,Herman,4/11/88,###-##-7654,WI
40,Mark,Norris,4/11/76,###-##-4486,MT
1323,Maria,Patterson,2/09/60,###-##-5543,TX
1551,Steven,Smith,3/12/83,###-##-6077,NH
21,Rose,May,8/29/82,###-##-7332,WY
1600,Christopher,Santiago,4/22/67,###-##-0657,UT
931,Shannon,Martinez,1/11/92,###-##-2174,AL
1623,Austin,Smith,2/16/64,###-##-4922,WI
1276,Brian,Myers,4/19/61,###-##-8072,FL
81,Michael,Davis,1/20/87,###-##-5600,NJ
842,Nicole,Dudley,7/08/67,###-##-2651,AZ
456,Ashley,Hill,1/03/64,###-##-0671,SC
723,Adam,Martinez,11/01/91,###-##-2549,NY
777,Isabella,Carr,10/09/68,###-##-2902,IN
191,Daniel,Morales,3/21/63,###-##-5432,HI
1295,Andrew,Williams,11/30/86,###-##-6925,ID
955,Cody,King,7/27/62,###-##-8237,CO
1913,Angela,Gonzales,8/27/66,###-##-8623,MS
1397,Adam,Arnold,11/18/78,###-##-3401,WI
1556,John,Bender,10/07/70,###-##-0475,AR
608,Megan,Jenkins,11/25/82,###-##-3819,NV
1644,Darren,Frederick,1/24/81,###-##-8624,CT
485,Karen,Pena,8/05/70,###-##-1440,DE
1924,Marcus,Barnes,10/11/89,###-##-0858,HI
153,Steven,Williams,9/09/64,###-##-2930,GA
2096,Anna,Anderson,5/18/69,###-##-3943,WA
1538,Patricia,Lucas,3/21/59,###-##-9386,OK
441,John,Johnson,12/27/88,###-##-6649,MN
1883,Sara,Lam,10/11/70,###-##-9907,IN
1366,Anne,Moore,8/13/59,###-##-6421,MN
1051,Christopher,Shepherd,2/09/74,###-##-5640,RI
794,David,Brock,12/08/58,###-##-8176,IA
1373,Tina,Morgan,8/17/86,###-##-6007,KS
872,Lisa,Terry,10/07/77,###-##-5940,SD
1817,Virginia,Simmons,7/26/82,###-##-2224,FL
851,Laura,Brooks,12/16/62,###-##-4803,MT
556,Brian,Miller,8/04/78,###-##-1134,WV
1952,Elizabeth,Adams,7/28/83,###-##-8567,WV
1395,Terri,Bird,6/17/88,###-##-3331,VT
1463,Justin,Sanders,8/10/92,###-##-6990,MN
1994,Tiffany,George,2/06/67,###-##-9311,OR
138,Travis,Welch,4/18/83,###-##-6679,MA
1092,Jason,Calderon,8/21/88,###-##-1362,SC
234,Jerry,Osborne,6/12/65,###-##-7056,NY
677,Kelsey,Gonzalez,5/09/73,###-##-9942,TN
1748,Tonya,Wood,4/29/86,###-##-7162,MS
1888,Michelle,Richards,3/09/60,###-##-7073,NC
1484,Sarah,Craig,7/20/77,###-##-1964,AK
342,Kyle,Johnson,1/02/66,###-##-6532,HI
431,Paul,Wilson,10/17/69,###-##-6326,AK
874,Alyssa,Rodriguez,10/30/58,###-##-9354,MO
1007,Michelle,Woodard,3/25/84,###-##-6544,KS
102,Thomas,Lindsey,10/16/92,###-##-9938,CA
1399,Kevin,Stewart,11/17/71,###-##-5371,MS
1761,Ronald,Martinez,5/11/78,###-##-0592,WA
19,Aaron,Hanna,2/06/88,###-##-8006,VA
1025,Elizabeth,Cohen,11/11/87,###-##-2825,ID
924,Jonathan,Henderson,2/23/70,###-##-6202,LA
1054,Heather,Hernandez,5/18/88,###-##-2975,MN
1799,Laura,Young,12/04/91,###-##-6643,MI
1521,Heidi,Moran,1/23/61,###-##-2555,OK
1348,Sean,Johnson,10/14/89,###-##-3225,NJ
1897,Barbara,Smith,2/06/74,###-##-5229,NY
484,Jason,Freeman,6/05/60,###-##-3738,ME
994,Jackie,Cummings,8/19/62,###-##-9255,ME
217,David,Shelton,7/08/94,###-##-9705,MS
983,Jeanette,Everett,3/14/84,###-##-8061,NJ
1474,Michael,Martin,1/12/90,###-##-0362,ND
1453,Shelby,Garcia,6/21/92,###-##-9256,SC
298,Brian,Dudley,3/23/67,###-##-2714,NJ
1028,Andrea,Ramos,8/22/94,###-##-4870,AL
773,Alexandra,Gray,7/14/72,###-##-2578,AL
482,Adam,Contreras,2/29/92,###-##-0224,WI
189,Taylor,Adams,3/07/59,###-##-8505,TN
283,Mitchell,Thomas,12/20/88,###-##-0577,SD
1965,Courtney,Reid,7/02/61,###-##-9747,MI
1330,Kayla,Mcguire,10/23/68,###-##-3190,IN
1197,Chad,Rodriguez,6/25/60,###-##-0966,KY
977,Kevin,Garcia,5/17/63,###-##-4908,FL
418,Daniel,Walker,10/31/85,###-##-8850,NJ
847,Colton,Ross,8/11/94,###-##-3123,IN
1369,Erica,Smith,10/02/73,###-##-5830,SC
1794,Nicholas,Henry,9/19/80,###-##-9335,IN
1289,Ruth,Reeves,12/11/65,###-##-9922,MD
859,Gina,Rodriguez,6/07/81,###-##-6047,TX
237,John,Macdonald,1/28/67,###-##-8496,HI
1263,Michelle,Moreno,9/13/75,###-##-3075,PA
1860,Michael,Farrell,1/11/72,###-##-9728,ND
1713,Lynn,Fox,7/05/72,###-##-9052,VT
1782,James,Williams,9/18/92,###-##-9225,HI
2060,Robert,Williams,7/28/66,###-##-5396,IL
2078,Matthew,Solis,12/21/90,###-##-6541,ID
145,Anita,Hill,7/28/61,###-##-9891,CA
1827,Mary,Davis,4/19/84,###-##-8228,TN
699,Kyle,Wood,2/02/66,###-##-0765,FL
316,Natalie,Carlson,6/24/79,###-##-7026,MD
693,Scott,Smith,11/25/75,###-##-4104,TX
31,Jessica,Jones,6/16/86,###-##-3598,OH
1299,Loretta,Vasquez,10/25/66,###-##-0870,SD
339,Kathryn,Bonilla,8/09/78,###-##-3708,RI
775,Luke,West,8/14/67,###-##-6228,NC
650,Thomas,Byrd,9/06/67,###-##-7030,VT
236,Edwin,Williams,10/29/94,###-##-1359,NE
1915,Steven,Lewis,12/24/80,###-##-1947,MA
582,Aaron,Bruce,8/01/66,###-##-2115,WV
1912,Leonard,Brown,4/06/69,###-##-6711,CT
1881,Deborah,Jackson,12/10/79,###-##-2438,AL
1688,John,Marshall,4/25/67,###-##-0554,CT
1211,Melissa,Mercado,9/22/94,###-##-7490,TX
1134,Adam,Blackburn,12/08/69,###-##-7922,MO
1719,Daniel,Gibson,9/02/57,###-##-1030,CT
943,Jessica,Davis,7/23/72,###-##-3297,SC
1459,Johnny,Downs,8/01/84,###-##-6934,CO
13,Anthony,Simpson,10/15/81,###-##-5784,NM
1067,Patricia,Beard,10/16/83,###-##-7152,PA
1192,Justin,Henry,7/30/92,###-##-2649,GA
10,Dwayne,Mckee,10/16/73,###-##-2174,ME
601,Mark,Mendez,5/11/91,###-##-3104,AZ
2080,Ryan,Martin,1/02/83,###-##-5485,CT
1550,Stacey,Joyce,12/06/57,###-##-3672,IN
409,Sarah,King,2/03/80,###-##-1925,TN
669,Kathy,Simpson,4/23/74,###-##-0462,AL
204,Jill,Perry,12/30/83,###-##-3501,IL
1780,Cory,Williams,8/15/88,###-##-0423,IL
16,Tiffany,Thomas,10/10/71,###-##-8636,KY
554,Tracy,Goodwin,3/02/79,###-##-2848,SC
438,Nathaniel,Swanson,12/28/57,###-##-0880,NM
518,Daniel,Moore,5/10/59,###-##-5676,RI
2084,Shannon,Anderson,6/29/58,###-##-5070,TX
1723,Shaun,Rodriguez,10/07/83,###-##-8987,IN
1212,Cassandra,Blanchard,3/03/77,###-##-6073,ID
58,Michael,Andersen,9/02/61,###-##-0392,ND
542,Cindy,Cruz,10/08/76,###-##-5675,MN
574,Richard,Jones,5/01/86,###-##-2767,OK
880,Judy,Williamson,11/30/58,###-##-4904,PA
1601,Pamela,Arnold,8/04/94,###-##-0539,NY
1873,Julia,Stuart,5/20/87,###-##-0136,DE
180,Jessica,Johnson,12/23/59,###-##-6174,CO
242,Samantha,Gilbert,3/18/61,###-##-2427,UT
1215,Heather,Barton,4/02/73,###-##-0109,NH
394,Lauren,Guzman,2/22/90,###-##-5246,MD
1173,Tabitha,Salazar,4/15/90,###-##-4140,IN
1681,Jason,Page,9/17/63,###-##-4503,NH
1956,Justin,Simpson,10/16/64,###-##-8212,CO
508,Richard,Brennan,11/23/87,###-##-3215,AZ
1844,Aaron,Mathis,2/04/57,###-##-1972,KY
1914,Kayla,Green,11/13/72,###-##-3449,SC
1109,Sherry,Medina,2/10/91,###-##-1685,AK
1656,Lee,Smith,3/11/84,###-##-5651,OK
263,Michael,Rowe,11/15/67,###-##-3860,VT
1069,Keith,Thompson,10/26/82,###-##-2301,MA
1991,Justin,Austin,2/16/89,###-##-2653,KY
1805,John,Rose,8/25/90,###-##-5475,CO
2,Jason,Bailey,2/10/89,###-##-0094,HI
468,Christie,Parker,6/10/86,###-##-2928,MA
465,David,Bell,10/23/77,###-##-4436,MA
1185,Shane,Brown,3/26/58,###-##-4680,NH
630,Nicholas,Patrick,11/19/91,###-##-8810,CT
811,Ashley,Heath,3/25/84,###-##-7731,WV
1400,Kathryn,Conrad,7/02/91,###-##-2367,AK
112,Pamela,Ramirez,6/30/84,###-##-5534,PA
116,Kristin,Gonzalez,8/04/61,###-##-5453,MI
1005,Paul,Smith,12/13/64,###-##-3289,AZ
400,Emily,Walters,3/14/84,###-##-8813,RI
767,Olivia,Jimenez,8/07/77,###-##-6400,ID
1158,Michelle,Richards,9/25/87,###-##-0333,NV
2021,Robert,Stein,8/20/63,###-##-5658,TN
1142,Tanya,Ellis,3/03/79,###-##-3149,DE
1736,Amanda,Cervantes,9/02/78,###-##-6911,KY
837,John,Pham,11/09/91,###-##-7062,NH
197,Raymond,Hunter,1/19/81,###-##-5472,MD
1999,Wendy,Garrett,6/23/82,###-##-8044,SD
1326,Joseph,Brown,9/06/71,###-##-9641,NY
1803,Shawn,Johnson,2/17/69,###-##-5012,WA
399,Linda,Warner,9/26/59,###-##-0217,NM
228,Elijah,Padilla,4/21/82,###-##-1696,AK
382,Jason,Torres,6/05/58,###-##-8830,AL
41,Christopher,Flores,12/28/59,###-##-0940,SD
1012,Anthony,Ware,2/07/80,###-##-4265,WI
1298,Paul,Hebert,11/11/84,###-##-0581,MS
1832,John,Ballard,1/11/90,###-##-7793,PA
493,Jeffrey,Fisher,4/04/65,###-##-8585,AZ
629,David,Vega,10/03/89,###-##-9790,MD
1579,Karen,Horn,3/27/84,###-##-2821,WI
1222,Jermaine,King,8/21/93,###-##-9068,RI
1769,Charles,Weaver,8/11/62,###-##-0697,DE
1086,Anthony,Bean,11/18/66,###-##-6681,AR
642,Sara,Schultz,8/26/87,###-##-8390,CO
1050,Dustin,Kline,6/06/71,###-##-8783,GA
901,Kevin,Green,3/15/59,###-##-3626,RI
118,Alyssa,Hickman,4/19/74,###-##-9953,IL
1504,Shannon,Walker,1/15/78,###-##-4315,NM
1180,Krista,Jackson,4/07/77,###-##-1259,LA
933,Lawrence,Sutton,10/11/59,###-##-1525,WV
249,Brady,Vaughn,10/29/83,###-##-7261,VA
1941,Joseph,Rollins,5/17/88,###-##-5638,IL
1413,Joseph,Lopez,11/06/80,###-##-9529,NE
2110,Jennifer,Castro,5/16/76,###-##-9645,HI
1499,David,Mcgee,2/07/58,###-##-9525,ND
457,Kevin,Reed,4/22/60,###-##-8987,AR
497,Jennifer,Holloway,1/30/91,###-##-1289,NJ
2006,Troy,Turner,11/05/59,###-##-1685,AZ
276,Sherry,Trevino,10/24/64,###-##-3646,AK
435,Bailey,Patel,3/24/85,###-##-9372,IL
1257,Michael,Rivers,10/05/71,###-##-3089,WA
956,Trevor,Ochoa,8/26/88,###-##-8514,PA
673,Danielle,Robinson,5/31/60,###-##-8917,SD
1237,Jacob,Jones,4/02/81,###-##-4935,TX
877,Dorothy,Molina,1/13/65,###-##-7633,SC
1223,Sarah,Calhoun,12/10/72,###-##-5594,VA
1446,Brenda,Zimmerman,5/16/80,###-##-9615,KS
1510,Nina,Banks,5/09/85,###-##-9945,WI
1583,Rebecca,Fox,9/27/88,###-##-3940,MT
1292,Maria,Mckenzie,7/28/74,###-##-8479,NJ
1978,Willie,Hines,5/01/93,###-##-2557,NV
29,Zachary,Tyler,8/24/66,###-##-6670,UT
240,Emily,Cochran,12/28/70,###-##-5494,SD
2109,Kayla,Galloway,12/04/61,###-##-9611,AZ
1839,Mary,Walsh,7/09/89,###-##-4428,ND
806,James,Kirk,3/18/76,###-##-2003,UT
1386,Kelly,Casey,1/22/91,###-##-0409,OK
1078,Travis,Lee,1/16/58,###-##-2949,WA
1042,Jessica,Williams,11/24/81,###-##-4639,KY
1120,Donald,Lawson,10/20/94,###-##-5876,SD
1027,Jodi,Newton,12/28/83,###-##-4224,ID
1225,Taylor,Hernandez,3/20/76,###-##-4749,NE
1087,Christine,Hopkins,10/13/68,###-##-5682,MO
570,Barbara,Jefferson,4/02/89,###-##-4441,NJ
1360,Kelly,Strickland,6/30/76,###-##-7387,MO
716,John,Stevens,8/31/75,###-##-2721,ND
2115,Megan,Melendez,11/03/88,###-##-3429,MD
1532,Troy,Ballard,4/25/92,###-##-8211,MA
36,John,Young,10/08/62,###-##-8187,ME
1721,Joseph,Henderson,6/15/78,###-##-1968,WA
1218,Frank,Williams,12/03/80,###-##-8177,NH
626,Wesley,Davis,9/28/85,###-##-9388,IN
432,Jared,Harper,10/07/91,###-##-7767,SD
1076,Joshua,Miller,10/01/73,###-##-3684,MA
1543,Caleb,Rubio,1/06/66,###-##-9678,TX
1055,Yvette,Wyatt,2/11/81,###-##-7673,IL
663,Veronica,Rodriguez,2/27/94,###-##-0138,ME
884,Chase,Peters,6/27/89,###-##-0588,MI
1904,Thomas,Curry,1/30/60,###-##-9978,MA
636,David,Garrett,1/07/57,###-##-0743,TX
1729,Brent,Jones,5/12/68,###-##-4006,WY
1870,Mary,Jones,7/05/60,###-##-1233,OR
2005,Kurt,Calderon,11/22/71,###-##-3640,NM
1160,Jennifer,Stevens,6/27/84,###-##-6438,IA
1609,Michael,Miller,5/21/59,###-##-9413,MD
672,Rachael,Murphy,5/04/59,###-##-4348,CA
1779,James,Griffith,11/12/70,###-##-7967,VT
1854,Pamela,Ray,4/11/77,###-##-6548,HI
108,Shawn,Mitchell,7/27/93,###-##-5330,MD
653,Diane,Wiley,11/09/77,###-##-7369,HI
1024,Matthew,Berry,12/16/59,###-##-2038,HI
1852,Tracy,Davis,9/13/88,###-##-1962,CA
178,Derek,Hale,11/11/77,###-##-7878,AR
1624,Diane,Shea,3/10/57,###-##-8090,MS
918,Joseph,Gutierrez,2/16/90,###-##-5291,RI
1008,Andrea,Byrd,8/12/67,###-##-3106,IN
1312,Kathryn,Malone,5/24/70,###-##-1227,MT
501,Matthew,Wilson,2/24/67,###-##-5058,OH
157,Vincent,Sloan,10/19/59,###-##-5501,NC
1927,Ashley,Chandler,3/21/80,###-##-1307,AZ
71,Willie,Jones,1/08/83,###-##-5452,IN
96,Brett,Thomas,9/01/92,###-##-6916,TX
1093,Cristian,French,12/01/65,###-##-5433,NV
1602,Brenda,Davis,10/17/93,###-##-8713,NE
813,Jennifer,Gray,12/28/73,###-##-9634,AL
136,Eric,Bradley,3/02/88,###-##-4231,SC
70,Thomas,Howell,5/19/77,###-##-8695,HI
978,Mary,Simpson,2/27/80,###-##-2691,KS
1372,Kelli,Owens,8/28/72,###-##-8002,NY
1117,Charles,Savage,11/09/77,###-##-9402,CA
1085,Christopher,Espinoza,3/21/58,###-##-4243,WI
559,Clayton,Henderson,6/30/75,###-##-9396,WY
2077,Rachel,Sandoval,11/30/75,###-##-5233,NC
347,Stephanie,Carpenter,11/01/59,###-##-7041,MO
2101,Natalie,Turner,6/19/91,###-##-3128,CO
230,Julie,Higgins,11/24/74,###-##-8175,MS
1711,Logan,Briggs,8/18/64,###-##-7519,KY
1851,Jose,Manning,8/12/87,###-##-0989,GA
173,Tamara,Morris,10/13/61,###-##-3486,WI
1140,Brian,Martinez,9/10/72,###-##-4875,NH
282,David,Contreras,8/27/94,###-##-7970,TX
2016,Joshua,Graves,1/29/69,###-##-5080,CA
281,Jennifer,Gilbert,8/25/85,###-##-9467,HI
1177,Kevin,Brock,8/31/74,###-##-6074,KS
727,Roger,Coleman,9/14/57,###-##-6111,NY
577,Grant,Patterson,12/24/86,###-##-6784,RI
753,Kevin,Robinson,12/05/91,###-##-4224,MD
1561,James,Stokes,4/16/71,###-##-0232,CA
587,David,Johnson,1/08/90,###-##-3708,MI
830,John,Rivera,1/03/64,###-##-3546,LA
1890,Charles,Bryan,12/04/85,###-##-2171,MD
47,Alexander,Romero,7/12/75,###-##-1442,VT
139,Matthew,Knight,5/07/84,###-##-8438,TX
270,James,Harris,12/20/73,###-##-8140,MT
1487,Richard,Hunt,8/30/83,###-##-4959,MD
706,Kaitlyn,Reese,5/21/83,###-##-5521,FL
576,Marissa,Kelly,10/26/74,###-##-7575,ND
1699,Heidi,Shaw,11/13/87,###-##-6968,KY
1921,Alyssa,Armstrong,3/05/92,###-##-0479,AL
1432,Erica,Cole,12/01/71,###-##-7616,RI
1938,David,Johnston,7/31/65,###-##-0677,UT
962,Katrina,Wiggins,9/14/75,###-##-1378,RI
1541,Benjamin,Long,12/09/76,###-##-7867,RI
2120,Pam,Sanchez,11/21/75,###-##-8018,MN
1640,Lori,Adams,8/06/91,###-##-3803,ID
233,Julie,Nelson,8/22/72,###-##-5917,GA
1039,Joseph,Steele,4/28/90,###-##-9841,WA
1868,Craig,Wiggins,5/28/62,###-##-7616,TX
2123,Jill,Fox,2/21/65,###-##-3332,PA
243,Gerald,Wallace,10/17/88,###-##-0638,NE
1722,Michael,Vasquez,11/05/94,###-##-2681,TX
1547,Keith,Thomas,6/18/72,###-##-3051,PA
201,Gregory,Williams,6/09/57,###-##-2236,NH
822,John,Daniels,6/07/82,###-##-2845,VT
1948,Susan,Garrison,6/17/67,###-##-8796,NY
1230,Brenda,Gay,1/02/78,###-##-7151,CT
1161,Wyatt,Moreno,3/22/84,###-##-4187,MI
1518,Susan,Turner,4/26/66,###-##-2571,UT
258,Denise,Martin,5/11/82,###-##-2489,IN
2011,Erica,Ryan,8/13/82,###-##-8369,MD
1758,Monica,Hawkins,2/26/58,###-##-2444,WV
944,Brenda,Freeman,1/11/94,###-##-2578,AZ
333,James,Walker,1/16/90,###-##-1799,VA
1781,Mark,Gordon,9/20/87,###-##-5608,NY
871,Joseph,Cummings,8/11/71,###-##-3554,NH
798,Andrea,Fitzgerald,12/04/90,###-##-5882,MA
1828,Vanessa,Petersen,5/17/66,###-##-8659,PA
1804,Jessica,Moore,3/27/58,###-##-0396,IA
1403,Ryan,Moreno,7/25/74,###-##-2902,GA
1520,Tony,Banks,9/15/91,###-##-7821,MN
1635,Christina,Marshall,4/07/66,###-##-6940,IA
1666,Andrew,Sutton,1/18/83,###-##-2345,HI
652,Tom,Mayer,2/09/86,###-##-3480,VT
2038,Cassandra,Gordon,2/21/84,###-##-2243,NY
788,Cameron,Silva,6/11/80,###-##-7963,MA
734,Cheryl,Flores,8/13/86,###-##-5566,DE
2067,Jennifer,Newman,4/05/64,###-##-3067,NE
1137,Peter,Miller,6/27/68,###-##-5656,OK
1792,Ashley,Smith,3/17/90,###-##-1428,NE
488,Brianna,Brown,6/28/88,###-##-3009,AL
2114,Peter,Hansen,7/27/80,###-##-4935,RI
2026,Jimmy,Hunter,12/11/88,###-##-2553,ID
759,Angela,Randall,12/03/82,###-##-3666,NY
175,Brandon,Gomez,4/30/80,###-##-9117,CO
385,Shawn,Smith,6/11/76,###-##-3742,NH
1807,Marcus,Garza,4/01/60,###-##-3499,TN
711,Amber,White,3/27/67,###-##-8793,LA
1861,Ashley,Shepard,7/24/72,###-##-2653,OH
1894,Maurice,Palmer,9/11/80,###-##-6048,LA
833,Richard,Ward,9/15/59,###-##-4384,MO
939,Robert,Bailey,6/22/80,###-##-0849,CO
2029,Jose,Dodson,1/12/69,###-##-2007,NC
194,Jeanette,Hart,10/22/65,###-##-4052,NJ
1801,John,Shepard,7/11/75,###-##-7873,NH
526,Jennifer,Stafford,11/19/78,###-##-3340,WV
610,Jenny,Morgan,10/02/92,###-##-3732,KS
94,Jill,Haynes,3/15/79,###-##-9789,NY
1195,Matthew,Aguirre,4/06/81,###-##-3346,NM
213,Joshua,King,1/04/94,###-##-3279,VA
17,Vincent,Howard,5/11/72,###-##-3520,MD
1755,Kimberly,Acevedo,9/04/68,###-##-1279,MA
1505,Cameron,Griffith,1/09/86,###-##-0633,MA
1899,Angela,Love,3/12/74,###-##-7067,KS
1692,Larry,Roach,7/13/71,###-##-2498,VA
1248,Kimberly,Fleming,4/09/85,###-##-6799,IA
1587,Vanessa,Wells,9/14/93,###-##-3702,NV
1621,Brenda,Russell,10/24/83,###-##-1775,MD
30,Julia,Reynolds,7/10/69,###-##-5553,ID
239,Scott,Kane,8/16/69,###-##-9499,WV
1557,Jenny,Thompson,12/29/88,###-##-5801,SD
1829,Robert,Castro,4/20/77,###-##-6975,MI
1290,James,Miller,8/12/66,###-##-2119,ME
1464,Audrey,Murphy,7/12/62,###-##-8969,ID
751,Dana,Cox,1/12/80,###-##-4163,UT
986,Kiara,Riley,6/12/88,###-##-6560,KS
1673,Isabella,Marshall,1/11/57,###-##-9744,WA
1313,Amanda,Wright,12/05/73,###-##-7528,TX
1508,Nicholas,Weaver,3/22/76,###-##-4980,AL
210,Erin,Snyder,2/24/76,###-##-9700,NC
442,Donna,Bolton,6/16/90,###-##-6047,AZ
1687,Brittany,Murphy,1/05/85,###-##-0297,MT
262,Cynthia,Roberts,3/08/69,###-##-9922,GA
406,Steven,Russell,3/21/74,###-##-0698,IL
454,Bernard,Torres,8/04/77,###-##-7636,NE
1730,Tiffany,Terrell,7/08/67,###-##-7361,IL
1164,Donna,Mason,3/20/71,###-##-3768,OK
634,Stephanie,Melton,1/23/77,###-##-0043,NC
273,Sylvia,Jackson,4/18/86,###-##-2148,IA
1364,Theresa,Williams,1/10/65,###-##-4890,VA
59,Dana,Zimmerman,3/31/73,###-##-8983,NJ
1113,Alex,Morris,7/24/75,###-##-6079,VT
443,Marc,Mason,10/16/83,###-##-0467,NH
638,Cameron,Guerra,5/14/58,###-##-6206,NJ
275,Charles,Olsen,11/16/56,###-##-6474,MT
1995,Joshua,Schneider,8/27/67,###-##-4288,MO
774,Edwin,Baker,4/14/69,###-##-1199,MN
676,Jasmine,Jordan,8/20/92,###-##-9773,PA
100,Sean,Dunn,2/20/70,###-##-8722,KS
827,Megan,Schwartz,6/14/90,###-##-4732,FL
322,Derrick,Gallagher,9/14/60,###-##-1589,VT
219,Lindsey,Jones,10/18/91,###-##-3838,AZ
1618,Monique,Martinez,8/14/63,###-##-9950,FL
1990,Steven,Soto,9/23/75,###-##-7166,TX
1877,Wendy,Peck,10/18/81,###-##-4054,PA
1690,Ryan,Bailey,5/17/57,###-##-6255,IN
1853,Jessica,Smith,5/07/57,###-##-2947,ME
1554,Ashley,Fox,1/21/64,###-##-4516,ID
1866,Luis,Horn,5/02/62,###-##-4696,MA
988,Brent,Schneider,9/27/57,###-##-8569,ND
1385,Gail,Rodriguez,10/01/91,###-##-8941,VA
857,Jason,Baker,2/16/80,###-##-9908,TN
2037,Amanda,Gomez,5/03/62,###-##-2194,AK
1201,Edward,Valdez,8/05/72,###-##-5545,ND
690,Kelly,Brandt,1/12/79,###-##-9046,ME
948,Christopher,Carrillo,1/09/58,###-##-4103,MI
208,Elizabeth,Potter,7/02/62,###-##-5640,MT
2024,Timothy,Howard,10/08/89,###-##-1253,IA
683,Rebecca,Pollard,4/29/84,###-##-1865,KY
1814,Stephen,Short,8/15/70,###-##-1323,PA
478,Michael,Odom,7/25/73,###-##-9368,MS
1419,Pamela,Lawrence,2/01/78,###-##-2412,KY
203,David,Young,11/09/82,###-##-7690,HI
1569,Michael,Bass,10/03/75,###-##-9503,SD
1325,Brandon,Medina,1/24/91,###-##-0987,MA
1615,Peter,Shepard,12/01/83,###-##-3577,KY
291,Jessica,Moore,9/14/59,###-##-3396,MD
695,Amy,Keith,12/06/68,###-##-1932,GA
1070,Scott,Cook,4/19/85,###-##-6522,RI
904,Samuel,Schmitt,5/09/60,###-##-3184,MD
2099,Tina,Stewart,9/18/63,###-##-3569,NH
393,Dorothy,White,8/27/60,###-##-8706,PA
330,Ashley,Bowers,7/08/74,###-##-0139,CA
1876,Jermaine,Watson,3/09/65,###-##-6762,NJ
1604,Frank,Delgado,9/26/65,###-##-1186,WY
1712,April,Bradley,7/20/82,###-##-2371,TX
747,Jessica,Brandt,1/09/83,###-##-3653,AR
796,John,Blankenship,1/25/61,###-##-4697,MD
1303,Jason,Barber,1/31/74,###-##-2267,RI
783,Kim,Delgado,6/24/71,###-##-5421,DE
187,Veronica,Rangel,6/20/58,###-##-5671,WI
656,Margaret,Hammond,2/07/74,###-##-2207,OK
1864,Rebecca,Mcbride,2/21/66,###-##-4226,SD
257,Tina,Anderson,2/17/68,###-##-8693,NH
1946,Jessica,Rodriguez,11/13/92,###-##-5170,NY
301,Jason,Jones,3/31/70,###-##-3300,LA
1471,Mike,Rice,2/25/84,###-##-7394,GA
1045,Michael,Williams,7/22/89,###-##-2875,WI
2074,Sarah,Kane,7/30/80,###-##-9475,GA
1735,Chad,Koch,9/20/65,###-##-5358,KY
1987,Lisa,Oneal,11/03/57,###-##-1248,PA
1460,Donna,Robinson,2/24/85,###-##-9275,WI
495,Colton,Fisher,7/29/57,###-##-7854,ID
2014,Cody,Hardy,10/04/69,###-##-5576,TX
1862,Brooke,Mckee,5/10/93,###-##-4110,TX
1741,Luke,Adams,9/11/77,###-##-8540,SC
1296,Sara,Wilson,4/29/57,###-##-2024,AR
900,Brandon,Thomas,11/11/94,###-##-2838,RI
1813,Michael,Kim,8/03/81,###-##-3695,NY
1154,Claire,Andrade,6/28/94,###-##-6044,WI
1102,Diane,Jones,3/29/83,###-##-8549,NE
2045,Stephanie,Robinson,9/21/88,###-##-8989,NJ
1229,Eric,Guerrero,2/06/59,###-##-6912,FL
337,Robert,Bennett,12/07/76,###-##-2907,AZ
1278,Alexa,Thompson,9/26/84,###-##-9583,IL
1239,Anita,Eaton,7/06/66,###-##-5925,RI
2050,Richard,Smith,1/29/93,###-##-8035,MN
643,Jeremy,Lopez,8/16/93,###-##-1218,MO
1698,Grant,Sanchez,1/27/92,###-##-8505,GA
1363,Robert,Weber,1/05/60,###-##-8958,MO
1998,Amy,Sanchez,12/05/74,###-##-3625,AL
1936,Tanner,Esparza,2/23/73,###-##-3742,OK
909,Denise,Lane,7/22/86,###-##-3327,ID
51,Dennis,Leblanc,3/01/94,###-##-6198,IL
1701,Michelle,Wade,12/27/85,###-##-9162,LA
1892,Valerie,Adkins,11/01/59,###-##-5882,CO
945,Caleb,Hall,7/04/82,###-##-3125,IN
1826,Evan,Parker,11/18/91,###-##-7213,PA
159,Amy,Delgado,1/11/84,###-##-9583,MT
480,Logan,Moss,7/28/90,###-##-9460,WV
1676,Danielle,Davis,3/23/74,###-##-4665,HI
268,Brian,Martin,3/25/86,###-##-0991,HI
551,Travis,Keith,7/28/63,###-##-4320,NM
782,Abigail,Jacobs,3/08/74,###-##-1596,NV
1244,Gabrielle,Wise,8/11/60,###-##-4965,MA
1971,Paul,Suarez,10/07/62,###-##-6300,RI
1430,Michael,Ochoa,8/09/86,###-##-9602,TX
295,Daniel,Pacheco,1/09/75,###-##-9820,MN
631,Austin,Jackson,4/06/70,###-##-8701,MO
1806,Patricia,Patterson,6/27/65,###-##-8753,IA
1629,Diane,Green,10/24/69,###-##-3033,WY
410,Louis,Flynn,11/09/88,###-##-3481,CA
1916,Nancy,Schmidt,3/01/69,###-##-9447,SC
808,Jaclyn,Cunningham,11/02/63,###-##-8956,SD
143,Elizabeth,Davis,10/12/64,###-##-4168,NV
675,Jacqueline,Donaldson,9/07/66,###-##-5320,KY
1462,Gabriel,Mitchell,2/08/59,###-##-8486,NY
2048,Sara,Barajas,10/04/90,###-##-8344,VT
674,Ann,Williams,3/06/83,###-##-5252,CA
1150,Justin,Baker,7/02/82,###-##-2028,MI
941,Kimberly,Lee,9/19/61,###-##-2156,MA
707,Karen,Roberts,1/21/75,###-##-9717,IL
1977,Miguel,Gonzales,10/26/65,###-##-2152,WV
1417,Alexandra,Barrett,7/20/67,###-##-9720,CT
620,Jeffrey,Garcia,6/05/65,###-##-0488,IA
735,Elizabeth,Bautista,5/04/93,###-##-8946,MT
2106,Danielle,Kemp,10/27/80,###-##-5272,OK
1406,Melinda,Miller,3/01/74,###-##-2932,GA
1273,Cindy,Wagner,5/21/62,###-##-6272,MI
1957,Rebecca,Kirby,10/27/57,###-##-7876,IL
2042,Jeremy,Jefferson,3/16/92,###-##-4470,OH
668,Vincent,Thomas,3/31/62,###-##-5867,HI
1791,Cameron,Jones,11/12/88,###-##-5160,MI
950,Alicia,Morales,6/28/65,###-##-5920,HI
1580,Dylan,White,7/18/92,###-##-0048,OH
67,Lauren,Price,6/30/75,###-##-5316,MI
1632,Diane,Buck,4/09/76,###-##-5953,NE
1080,Brian,Harper,1/02/67,###-##-3047,PA
190,Tim,Allen,1/08/73,###-##-4264,WV
1477,Sierra,Cortez,3/24/74,###-##-5367,WA
1338,Thomas,Garza,9/23/87,###-##-5832,DE
181,Daniel,Ramirez,12/31/76,###-##-8963,NY
1966,Crystal,Ellis,3/09/58,###-##-0049,NH
150,Stefanie,Carpenter,6/26/78,###-##-4588,KY
2019,Timothy,Cameron,4/23/60,###-##-8743,KY
1149,Brandi,Gregory,4/15/83,###-##-5829,NC
1162,Victoria,Daniels,6/08/66,###-##-9427,NM
1108,Steven,Washington,8/23/63,###-##-1988,AL
935,Michelle,Wright,2/19/69,###-##-6564,UT
106,Keith,Carter,8/16/57,###-##-0345,VT
692,Nathan,Cruz,9/16/70,###-##-8620,HI
122,Robert,Gonzales,8/02/68,###-##-1916,GA
2081,Matthew,Garcia,4/13/83,###-##-8684,KS
1568,Gina,Green,3/01/60,###-##-3706,TN
1895,Barbara,York,2/17/75,###-##-9106,VT
1194,Crystal,French,10/04/79,###-##-1489,UT
1190,Kathy,Bryant,10/12/88,###-##-3187,MO
271,Brittney,Lin,9/02/93,###-##-2328,MN
1772,Lindsay,Francis,1/30/76,###-##-4190,GA
1765,Bryan,Torres,6/02/85,###-##-6406,IL
1727,Michael,Crawford,5/31/82,###-##-1246,HI
161,Anna,Mann,12/09/69,###-##-3666,SD
628,Richard,Bowers,7/12/78,###-##-9051,ME
1203,Jennifer,Welch,9/14/67,###-##-4330,MA
489,Megan,Phillips,6/13/86,###-##-7101,WY
546,Anthony,Garcia,10/30/65,###-##-6626,MI
713,Courtney,Hughes,6/21/75,###-##-3393,NM
1880,Jennifer,Allison,12/24/89,###-##-8151,DE
637,Randy,Smith,11/19/79,###-##-7796,AR
1272,Christopher,Harris,2/23/89,###-##-7997,CA
1900,Laura,Salazar,7/12/59,###-##-8642,OR
966,Kristi,Harrell,6/09/68,###-##-1401,WI
1186,Christine,Brown,3/22/74,###-##-1339,NY
1491,Rachel,Morris,6/03/75,###-##-9640,AL
1088,Daniel,Hanson,10/24/72,###-##-3739,KY
343,Geoffrey,Lee,9/14/93,###-##-6931,WV
717,Thomas,Murphy,2/07/87,###-##-8386,RI
1361,Randall,Anderson,2/10/62,###-##-8197,WI
1725,Amy,Dominguez,9/18/84,###-##-8377,WV
1654,Danielle,Stanley,4/07/73,###-##-1073,FL
1599,Michael,Henry,3/04/81,###-##-2634,WY
1974,Jessica,Thompson,1/10/68,###-##-7127,CO
1714,Christopher,Valenzuela,1/23/73,###-##-7702,VA
97,Jesse,Baker,12/20/89,###-##-6515,IL
1901,Charles,Crawford,10/26/91,###-##-8999,WY
1972,James,Austin,12/23/61,###-##-3614,KS
1448,Christopher,Miller,11/17/87,###-##-9999,LA
1788,Kari,Howe,7/29/61,###-##-2386,WI
214,Gerald,Everett,5/19/65,###-##-4232,VT
1073,Brian,Snyder,10/16/62,###-##-8265,NY
86,Brian,Young,5/27/68,###-##-9571,AL
6,John,Snow,3/04/69,###-##-5075,GA
2041,Tanya,Maxwell,6/28/92,###-##-4019,ND
769,Jill,Keller,4/11/92,###-##-9735,NV
2007,Samantha,Cruz,9/18/67,###-##-3798,CT
1123,Amy,Jones,11/12/73,###-##-4671,CO
779,Nathaniel,Dominguez,11/24/76,###-##-9952,KY
1506,Barbara,Allen,11/11/63,###-##-8520,MN
358,Sergio,Bass,12/23/59,###-##-5957,NH
2117,Jeremy,Cunningham,4/13/67,###-##-1623,CT
1497,Michelle,Wheeler,10/14/88,###-##-2060,CO
1236,Brooke,Roberts,4/26/75,###-##-0727,SD
622,Mary,Thomas,12/18/63,###-##-1656,MI
1588,Taylor,Curry,5/23/83,###-##-8049,AR
789,Julian,Hudson,9/05/71,###-##-2441,WY
1639,Kara,Collins,1/27/66,###-##-0133,RI
74,Aaron,Curtis,1/13/91,###-##-1609,AK
49,Jennifer,Boyd,6/26/75,###-##-5668,MA
1863,Maria,Eaton,9/24/70,###-##-9821,WY
1603,Eric,Fry,11/05/68,###-##-8303,NY
2090,Jillian,Jones,7/17/73,###-##-0820,PA
348,Jennifer,Franklin,6/24/87,###-##-4530,IL
973,John,Carter,7/17/65,###-##-3573,CA
481,Joshua,Allen,6/26/84,###-##-0650,IA
1455,Kimberly,Foster,6/22/65,###-##-7792,GA
802,Joshua,Lopez,1/20/76,###-##-6314,IN
2095,Joseph,Brooks,11/08/94,###-##-0968,OK
64,Bethany,Williams,6/24/71,###-##-7606,VT
958,Aaron,Ward,9/12/71,###-##-6340,VA
1136,Kevin,Hawkins,6/13/80,###-##-4639,SD
1447,Michael,Hall,2/28/70,###-##-4979,VT
866,Brianna,Lester,4/21/90,###-##-8063,NV
300,Joanna,Chavez,8/31/89,###-##-9580,IA
627,Michael,Jimenez,1/30/68,###-##-8278,IN
171,Jane,Murphy,10/23/61,###-##-9115,WA
412,Kathryn,Perez,6/08/75,###-##-7806,AR
568,Timothy,Smith,10/29/91,###-##-7591,NE
494,Kelly,Hayes,3/16/77,###-##-8491,AZ
1674,James,Contreras,9/30/71,###-##-8665,LA
129,Keith,Shaw,3/14/75,###-##-9267,IN
7,Kendra,Sutton,8/22/84,###-##-2567,WI
589,Anne,Lawrence,7/03/73,###-##-4532,UT
1886,Richard,Powers,8/17/90,###-##-5848,AR
308,Adam,Wells,11/14/88,###-##-0097,VA
1841,Stephen,Wolfe,12/18/79,###-##-2132,KS
1377,George,Silva,3/23/92,###-##-7345,SC
463,Anthony,Fuentes,12/19/85,###-##-3936,IL
99,Scott,Wood,5/14/93,###-##-9666,WY
2044,Lance,Perez,8/06/60,###-##-7348,MO
1810,Melissa,Snyder,9/03/81,###-##-0592,HI
1770,Sandra,Olson,3/31/57,###-##-9854,IA
1410,Daniel,Rosario,2/28/82,###-##-4641,ND
885,Dominique,Key,5/18/74,###-##-0919,TN
1353,Evelyn,Gordon,10/02/74,###-##-4793,NE
453,Michael,Bauer,6/28/77,###-##-8715,AR
169,Angela,Johnson,9/26/79,###-##-7252,NY
1747,Benjamin,Dunn,8/30/93,###-##-8382,AZ
1630,Ronald,Craig,9/22/76,###-##-5153,AZ
585,Ashley,Adams,6/19/73,###-##-1024,CA
535,Elizabeth,Bell,9/10/75,###-##-9823,OR
39,Alyssa,Hernandez,9/24/90,###-##-5791,WA
88,Caleb,Thompson,4/11/90,###-##-3511,NH
1245,John,Campbell,3/29/74,###-##-5123,MI
844,Russell,Lewis,1/04/78,###-##-4842,LA
346,Douglas,Garcia,4/27/87,###-##-6456,WV
315,Javier,Burch,8/30/81,###-##-9883,OK
166,Alison,Ware,2/14/75,###-##-3971,NY
564,Timothy,Brown,10/30/80,###-##-5939,GA
2093,Pamela,Schmidt,5/11/58,###-##-4650,WY
408,Annette,Clarke,12/04/85,###-##-5216,AL
853,Douglas,Meyer,11/28/67,###-##-8451,AK
1100,John,Padilla,1/25/80,###-##-7063,WY
462,Kelly,Ramsey,8/16/89,###-##-0825,IL
547,Jennifer,Mcclure,12/16/82,###-##-8291,MI
1182,Stephen,Gonzalez,6/23/63,###-##-9897,TN
724,Stacy,Bryant,11/17/75,###-##-9307,TX
466,Ronald,Wright,1/23/82,###-##-7430,WA
2010,Stephanie,Garcia,4/08/60,###-##-8073,AL
1833,Johnny,Walter,10/26/63,###-##-3244,KS
227,Sarah,Coffey,9/25/73,###-##-3020,NY
420,Katherine,Hart,10/14/76,###-##-2031,VT
616,Olivia,Smith,5/18/86,###-##-8043,KS
1984,Erin,Patterson,9/20/91,###-##-6143,AL
1686,Michael,Gray,6/04/70,###-##-9774,UT
195,Joshua,Jones,5/09/80,###-##-6659,NC
320,Beverly,Moore,3/03/58,###-##-5721,CA
426,Paige,Brown,3/02/59,###-##-9459,AK
1358,Laurie,Miles,9/12/78,###-##-0240,HI
1488,Aaron,Dillon,9/18/58,###-##-1764,CT
328,Sharon,Davis,6/28/94,###-##-9341,KY
1574,Jack,Turner,1/30/75,###-##-3773,NJ
992,Sandra,Patton,8/11/59,###-##-2081,WA
1260,David,Williams,9/28/65,###-##-6692,OR
1414,Jeffrey,Hardy,5/30/80,###-##-2321,AK
1428,Steven,Cline,12/15/66,###-##-8827,UT
428,Jonathan,Diaz,4/09/90,###-##-6965,NY
1304,Eric,Lyons,6/17/80,###-##-4052,VT
1457,Lori,Scott,8/16/66,###-##-4533,MI
1032,Scott,Jones,12/12/76,###-##-7186,MT
639,Rhonda,Day,2/11/58,###-##-4229,MT
687,David,Young,8/28/77,###-##-5727,PA
975,Ryan,Jackson,6/19/82,###-##-3652,OK
1848,Alex,Leonard,11/01/86,###-##-3475,WV
1842,Michele,Cross,12/22/88,###-##-0952,ND
1217,Stephen,Lopez,10/01/78,###-##-0888,IN
4,Laura,Vasquez,1/19/68,###-##-5984,NV
1661,Sharon,Weber,9/12/66,###-##-2610,ME
1776,Eric,Obrien,5/07/85,###-##-9661,AL
1707,Frederick,Mullen,9/03/80,###-##-9367,OR
861,Carla,Simpson,10/27/75,###-##-6697,MS
1944,Corey,Garcia,7/16/72,###-##-7809,OH
499,Justin,Phillips,9/01/60,###-##-1377,NC
135,Timothy,Smith,4/21/94,###-##-1291,KY
2102,Suzanne,Hill,10/25/91,###-##-7170,NJ
1048,Stacey,Burgess,12/15/67,###-##-5899,MT
2105,Kelly,Perez,3/12/63,###-##-7123,NE
1985,Jennifer,Wagner,7/31/77,###-##-3321,OH
1469,George,Williams,2/27/62,###-##-3096,NC
52,Michael,David,3/09/71,###-##-6617,AL
1258,John,Perez,1/01/94,###-##-7828,RI
1577,Nicole,Sherman,1/07/82,###-##-3201,WV
196,Teresa,Macias,8/01/89,###-##-3312,WA
1115,Benjamin,Lee,10/19/88,###-##-4752,VA
1064,Jodi,Anderson,3/21/76,###-##-6103,MD
1501,Matthew,Ritter,2/08/65,###-##-2355,NY
1598,Lauren,Howard,11/21/65,###-##-2196,OR
267,Richard,Butler,12/10/85,###-##-1460,NE
403,Katrina,Freeman,11/09/69,###-##-7170,KS
18,Whitney,Graham,9/26/68,###-##-3110,IN
2058,Anna,Mills,7/09/74,###-##-5746,ID
1785,Lisa,Avila,2/03/94,###-##-1528,PA
151,Darrell,Stevens,4/29/86,###-##-6328,MT
1151,Hayden,Norman,2/20/86,###-##-6410,VA
2071,Anthony,Baker,2/21/62,###-##-4451,LA
1970,Jonathan,Pierce,12/19/59,###-##-8992,MI
331,Rachael,Norton,12/23/72,###-##-7804,IN
1715,Rachel,Blackburn,5/26/64,###-##-3968,TX
645,Gabrielle,Rodriguez,4/12/88,###-##-2821,MI
1530,Katherine,Prince,8/13/90,###-##-4732,OH
289,Amy,Ellis,7/18/91,###-##-8269,GA
1431,Christopher,Jordan,12/26/60,###-##-4964,AR
2015,John,Hancock,4/01/83,###-##-3528,TX
376,Pamela,Wang,6/22/64,###-##-5305,VA
248,Cynthia,Campbell,3/03/74,###-##-4326,NM
864,Kristi,Mccoy,9/28/85,###-##-3151,CO
15,Karen,Jacobs,4/13/77,###-##-4171,CO
321,Jennifer,Johnson,12/06/89,###-##-3693,NH
360,Carla,Hughes,5/24/87,###-##-1835,VT
1537,Ernest,Oliver,2/09/88,###-##-2396,MO
801,Tyler,Blackwell,1/25/63,###-##-8949,CT
1650,Bethany,Weber,6/10/62,###-##-0793,KY
1449,Richard,Alvarez,12/17/83,###-##-2399,ID
1339,Kimberly,Stevens,4/22/68,###-##-5276,NV
1939,Emily,Mitchell,12/15/93,###-##-6049,NE
1009,Sherry,Fernandez,4/23/68,###-##-8164,AK
446,Danielle,Manning,5/21/61,###-##-2579,MD
1670,Deanna,Acosta,5/04/58,###-##-5562,AK
849,Kristin,Dawson,3/16/81,###-##-4356,RI
1351,Sarah,Moreno,5/11/88,###-##-7060,SC
1392,Stephanie,Flores,3/30/67,###-##-0809,TN
1234,Sharon,Jones,7/18/64,###-##-7077,CT
829,Robin,Coleman,7/20/64,###-##-9488,SC
1046,Cindy,Hopkins,3/25/66,###-##-4307,KS
1249,Peter,Hernandez,12/20/61,###-##-7684,ME
141,William,Ray,9/24/61,###-##-8062,SC
507,Cheryl,Smith,12/21/78,###-##-9119,NE
1838,Christopher,Glover,3/14/70,###-##-0848,NV
1145,Sharon,Leblanc,5/15/67,###-##-0490,ME
592,David,Price,4/19/81,###-##-0393,WV
819,John,Patel,1/25/87,###-##-9381,VA
1405,Victor,Cole,7/01/59,###-##-6357,WY
784,Karen,Heath,3/07/74,###-##-9945,CA
1572,Paul,Allen,11/07/81,###-##-5698,LA
1240,Kristina,Johnson,2/14/80,###-##-5010,NJ
1077,Dominic,Ramos,3/19/82,###-##-8256,VT
93,Brandon,House,6/06/79,###-##-4394,NJ
83,Sandra,Kelly,5/09/85,###-##-4847,NH
2070,Anthony,Melton,4/08/91,###-##-9353,NM
261,Yvette,Duke,11/08/76,###-##-9549,IL
974,Michael,Henry,3/27/74,###-##-2095,NE
1700,Emily,Taylor,4/14/73,###-##-2018,IA
1166,Peggy,Mcdaniel,1/04/88,###-##-3459,WA
207,Teresa,Murphy,2/13/71,###-##-1236,MD
137,Natalie,Ward,3/04/92,###-##-8729,HI
89,Jacqueline,Kirby,12/04/75,###-##-1802,ID
1031,Amanda,Young,8/06/77,###-##-9361,WY
1872,Russell,Zavala,2/09/73,###-##-2734,NY
1564,Nicole,Carpenter,2/17/73,###-##-6993,SC
1732,Bradley,Wagner,1/02/94,###-##-3583,TX
460,Marie,Bailey,8/23/69,###-##-9692,NH
5,Rebecca,Roach,5/19/65,###-##-6554,ND
1689,Chad,Duncan,6/29/58,###-##-9407,NE
361,Mark,Thompson,6/15/76,###-##-1322,NE
823,Suzanne,Rhodes,4/28/80,###-##-1958,NC
846,Melissa,Reyes,8/20/84,###-##-2985,LA
1627,Samuel,Phillips,6/19/72,###-##-8806,MI
744,James,Cortez,11/23/86,###-##-8728,NJ
125,Randall,Whitehead,11/07/62,###-##-9200,VA
1468,Matthew,Richardson,5/13/62,###-##-0719,SD
79,Sandra,Myers,4/05/59,###-##-2873,NM
1865,Natasha,Davis,1/12/77,###-##-1572,WY
1642,Susan,Diaz,11/24/76,###-##-6920,WI
1637,Nicholas,Nguyen,7/13/74,###-##-5394,NH
1745,Michael,Welch,3/12/80,###-##-0630,WV
117,Jennifer,Yates,9/13/71,###-##-8351,RI
1485,Gail,Bradshaw,2/10/90,###-##-2069,NM
913,Anthony,Mills,8/29/59,###-##-7435,RI
1003,Christina,Winters,1/27/58,###-##-1063,AZ
199,Tracey,Gomez,7/12/59,###-##-2801,NJ
2052,Angela,Hart,7/07/61,###-##-8217,IL
12,Katherine,Baird,3/30/80,###-##-1191,NJ
1667,Jennifer,Bradley,7/30/65,###-##-2170,TN
1412,Hunter,Payne,10/10/71,###-##-2149,TN
241,Amy,Black,4/27/74,###-##-4888,NJ
474,James,Mccormick,4/15/62,###-##-8300,OK
1004,Michael,Edwards,2/08/81,###-##-2239,AZ
2103,William,Johnson,11/13/73,###-##-7808,MO
1884,Heather,Thompson,7/27/70,###-##-2820,HI
1315,John,Gibson,10/24/61,###-##-4643,LA
1301,Laurie,Elliott,8/02/64,###-##-9421,CO
332,James,Neal,7/18/66,###-##-1272,GA
1232,Eric,Moore,1/01/64,###-##-6218,WA
1815,Corey,White,5/18/79,###-##-2974,CA
800,Kenneth,Holmes,10/01/91,###-##-2289,MI
1933,Daniel,Mason,6/12/74,###-##-3217,CT
319,John,Warren,7/07/93,###-##-4238,ID
1752,Julie,Taylor,1/17/89,###-##-2015,ME
223,Kathryn,Carpenter,10/31/91,###-##-2644,WI
1811,Kathy,Castillo,2/18/77,###-##-5318,AR
1665,Kendra,Wood,11/22/60,###-##-7560,OH
105,Elizabeth,Johnson,6/27/68,###-##-8484,NC
517,Katherine,Johnson,12/09/83,###-##-5126,MI
1631,Linda,Day,6/01/70,###-##-8740,AK
1529,Brandon,Ho,12/11/92,###-##-4498,NV
63,Timothy,Martin,4/10/85,###-##-9876,FL
618,Chad,Zimmerman,9/20/79,###-##-6293,NM
583,Dylan,Parker,2/18/81,###-##-3245,IL
2025,Kylie,Mccormick,2/22/83,###-##-4307,DE
1261,Jason,Reyes,10/14/85,###-##-9108,CO
461,Arthur,Carlson,12/09/90,###-##-0609,WI
437,Kevin,Wyatt,7/11/75,###-##-1089,NE
591,Michelle,Skinner,9/18/75,###-##-4888,ME
1250,William,Grant,4/26/70,###-##-4808,PA
1489,Cassie,White,10/14/72,###-##-2610,OK
746,Jimmy,Carney,1/23/90,###-##-9509,MO
1135,Daniel,Jones,9/05/74,###-##-3456,LA
613,Austin,Oliver,12/09/70,###-##-2351,WY
1308,Michael,Welch,4/18/92,###-##-6942,RI
1016,Derek,Payne,3/26/70,###-##-1519,WA
1483,Eric,Dominguez,11/05/66,###-##-4746,RI
182,William,Burns,1/11/79,###-##-3068,TX
1293,Andrew,Nguyen,12/24/72,###-##-3264,KS
167,Cheryl,Salazar,3/14/91,###-##-7968,TX
1436,Karen,Williams,8/13/87,###-##-2151,AR
56,Todd,Reyes,3/28/70,###-##-3675,VT
1381,Andrew,Williams,9/16/68,###-##-5827,NE
355,Jeffrey,Mathews,2/25/57,###-##-1447,CT
1855,Victoria,Reeves,5/09/70,###-##-1972,CT
1657,Aaron,Munoz,11/10/86,###-##-0581,OR
1387,Larry,Smith,3/09/59,###-##-9634,UT
709,Zachary,Hall,2/14/81,###-##-0846,IL
893,Andrea,Aguilar,5/22/79,###-##-1821,KS
685,Christopher,Bauer,10/12/81,###-##-5742,MO
725,Charles,Fry,2/26/76,###-##-6923,CT
1515,Joshua,Mann,5/02/77,###-##-2818,OR
1559,Diana,Smith,8/20/92,###-##-0859,VT
968,Michelle,Kennedy,4/03/87,###-##-1154,WI
903,Christine,Sims,5/30/77,###-##-0585,SD
1908,Frederick,Moody,12/14/83,###-##-8461,AK
1238,Kevin,Smith,11/17/77,###-##-2592,NC
1498,Amy,Sampson,3/14/71,###-##-1910,IN
1856,Vanessa,Edwards,12/08/93,###-##-2861,PA
1524,Daniel,Mitchell,3/23/72,###-##-1942,NV
130,Jessica,Rivera,12/08/85,###-##-7802,MN
1341,Amy,Dickson,8/15/87,###-##-6803,RI
679,Stephen,Johnson,3/18/73,###-##-6635,MT
349,Bryan,Hartman,7/31/73,###-##-5028,CT
2002,Jason,Buck,4/25/64,###-##-2468,CA
1259,Adrian,Hartman,8/31/82,###-##-6535,CO
1318,Gabrielle,Sampson,10/29/85,###-##-6945,IL
1207,Nancy,Montoya,9/18/80,###-##-9310,IN
1094,Theresa,Daniels,9/21/61,###-##-4320,NC
1581,Tammy,Jones,10/06/62,###-##-9069,CO
925,Caitlin,Orozco,7/20/90,###-##-9661,OK
1324,Michael,Michael,3/02/75,###-##-6357,VT
146,Daniel,Edwards,11/07/67,###-##-0900,NJ
797,Nicholas,Mclaughlin,7/10/62,###-##-4974,OK
856,Heather,Fisher,12/03/61,###-##-0333,TN
479,John,Wade,9/24/92,###-##-4931,IN
503,Timothy,Moore,12/25/86,###-##-1862,NH
1342,Christopher,Santos,2/09/89,###-##-1539,VT
1910,Jessica,Bennett,6/11/85,###-##-3499,FL
1668,David,Ochoa,1/08/72,###-##-4198,SC
1575,Joseph,Ellis,2/08/58,###-##-5537,MS
1693,Shelia,Jones,9/27/62,###-##-6040,FL
425,Kelli,Garcia,1/26/82,###-##-3958,KS
572,John,Odonnell,11/04/66,###-##-7711,AR
1902,Shawn,Phelps,2/02/72,###-##-9307,NC
561,Samantha,Dunlap,2/14/77,###-##-2309,TX
2098,Lawrence,Hall,5/11/94,###-##-9377,MD
702,Christopher,Hernandez,12/04/85,###-##-7847,KY
436,Christopher,Smith,9/29/88,###-##-4989,NE
1589,Jennifer,Lindsey,11/15/77,###-##-8382,ND
963,Brent,Gillespie,10/28/59,###-##-8806,WV
1958,James,Macias,4/20/60,###-##-4913,NH
1734,Tamara,Grant,3/21/68,###-##-6745,MO
1388,Angelica,Mejia,10/11/90,###-##-5190,MD
976,Erica,Moore,1/04/81,###-##-6562,LA
1191,Kyle,Berry,12/12/74,###-##-2612,MT
1887,Christine,Parks,8/06/92,###-##-5992,ND
1716,Holly,Jacobs,2/05/73,###-##-9418,KS
221,Crystal,Ramos,5/01/68,###-##-9392,NC
1737,Heather,Franklin,6/04/77,###-##-3245,AK
922,Cameron,Kennedy,3/25/69,###-##-9205,TN
1664,Megan,Mendoza,4/27/84,###-##-9281,OH
1663,James,Stanley,8/08/88,###-##-5348,CO
1465,Ricardo,Price,3/19/86,###-##-0586,SD
340,Deanna,Lopez,4/04/57,###-##-2027,CT
363,Juan,Beasley,7/30/62,###-##-8974,KS
1638,Steven,Cain,5/20/82,###-##-0881,GA
1281,Mary,Green,8/15/94,###-##-8216,ND
754,Christine,Ibarra,12/11/71,###-##-4542,WI
1486,Stacey,Luna,9/03/61,###-##-7957,CO
881,Marcus,Diaz,4/09/84,###-##-4253,IL
952,David,Jones,12/26/66,###-##-8614,KY
475,Jesus,Clark,6/17/79,###-##-9169,NV
1354,Theresa,Mitchell,9/18/64,###-##-2414,IA
1718,Jennifer,Gonzalez,11/18/66,###-##-8160,NV
1492,Douglas,Bass,8/17/92,###-##-8214,VT
80,Kimberly,Thompson,5/28/84,###-##-7323,NJ
595,Angela,Hart,8/26/73,###-##-3242,MT
544,Bryan,Gomez,5/03/90,###-##-5060,ME
791,Jessica,Howard,4/05/89,###-##-2966,OK
787,Justin,Dawson,2/10/75,###-##-3269,KS
1724,Edward,Porter,5/30/80,###-##-3766,LA
205,Meredith,Anderson,3/21/83,###-##-7457,ME
224,Julie,Nelson,8/28/60,###-##-3907,WA
1269,Michael,Martin,10/29/94,###-##-8347,IN
886,Elizabeth,Moore,9/22/79,###-##-4182,SC
578,Nicholas,Valentine,6/13/92,###-##-8399,TX
1265,Marie,Young,12/09/66,###-##-3513,OK
1389,Christopher,Washington,4/25/86,###-##-7035,MO
1822,Henry,Hoffman,12/13/77,###-##-1493,NJ
397,Richard,Armstrong,1/07/91,###-##-5575,MS
162,Kyle,Walker,11/13/59,###-##-9493,VA
1390,Derrick,Wilcox,10/04/87,###-##-7187,ME
1116,Lucas,Duncan,10/06/87,###-##-4251,MS
883,Lisa,Holmes,7/16/93,###-##-0562,NJ
1573,Elizabeth,Cooper,8/10/81,###-##-0180,NH
1522,Stacey,Martinez,11/10/77,###-##-6226,MI
76,Judith,Haynes,2/21/88,###-##-2176,NC
496,Jackie,Hill,3/09/74,###-##-9550,NE
2091,Michael,Brown,8/26/60,###-##-5539,CT
1726,Anthony,Porter,8/03/59,###-##-2303,MN
1996,Joanna,Hernandez,5/26/62,###-##-7427,SD
325,Ashley,Anderson,8/15/82,###-##-0355,OH
294,Cassandra,Acosta,6/09/72,###-##-3840,WA
1104,Robert,Davidson,8/27/59,###-##-6216,MN
260,Lisa,Guzman,9/01/63,###-##-9995,ND
2043,Bonnie,Kelley,8/27/69,###-##-2787,IA
511,Christopher,Perez,3/18/90,###-##-4454,ND
1818,Randy,Johnson,10/18/92,###-##-7577,OH
37,Lauren,Rivas,3/01/63,###-##-4932,AZ
336,Tracey,Chavez,12/16/80,###-##-8884,FL
1023,David,Marks,3/01/57,###-##-0456,ND
147,Shawn,Nunez,11/25/73,###-##-0430,TN
306,Russell,Yu,2/24/66,###-##-0983,ND
351,Elizabeth,Hammond,11/13/71,###-##-8748,OR
710,Heather,Scott,6/03/64,###-##-3710,WY
1082,Kimberly,Hull,4/05/74,###-##-0816,WI
387,Robert,Drake,11/27/79,###-##-6370,WI
605,Adrian,Martin,8/02/76,###-##-4117,PA
1169,Jessica,Rivers,1/30/91,###-##-4721,MS
760,Christopher,Lee,6/26/83,###-##-8979,VT
1282,Christopher,Herman,12/29/91,###-##-8842,NC
1658,Charles,Nash,7/29/67,###-##-9903,VT
35,Danielle,Barr,3/02/57,###-##-6806,NH
155,Andrew,Ramos,11/02/86,###-##-4035,WA
1110,Kevin,Hall,6/24/90,###-##-3584,AK
1906,Travis,Thompson,2/04/57,###-##-0470,HI
78,Emily,Harris,4/29/64,###-##-3273,SC
961,Samantha,Sanders,3/17/93,###-##-6736,AK
1672,Benjamin,Hayes,9/11/67,###-##-2236,WY
471,Michael,Hale,6/30/60,###-##-4326,HI
1858,Lindsay,Smith,5/26/84,###-##-6627,ME
2013,Kevin,Gonzalez,6/29/85,###-##-9265,FL
2122,Robin,Quinn,5/10/59,###-##-4725,IL
1444,Christopher,Fisher,5/30/68,###-##-7719,VT
1816,Denise,Blankenship,4/17/89,###-##-5390,ID
1874,Mark,Fitzgerald,10/28/75,###-##-0350,MS
632,Mary,Strickland,11/08/66,###-##-8918,OR
1622,Catherine,Davies,9/11/68,###-##-0142,FL
1526,Patricia,Cooley,8/26/87,###-##-5355,WY
1594,Kerry,Adams,6/09/91,###-##-8122,RI
1889,Adrian,Higgins,6/05/90,###-##-5579,WV
1962,Nicholas,Crawford,10/18/80,###-##-3366,ND
1286,Jennifer,Galvan,12/30/67,###-##-3209,NJ
2030,April,Thomas,8/24/62,###-##-2295,NJ
862,Billy,Dawson,7/09/94,###-##-5061,KY
1473,Jennifer,Wilcox,10/16/80,###-##-5553,KS
392,Gavin,Brown,5/23/86,###-##-9853,AR
1802,James,Russell,7/25/93,###-##-4296,NH
1097,Timothy,Wilson,3/16/85,###-##-3011,MO
25,Michael,Schmidt,1/23/81,###-##-0951,UT
651,Sarah,Carrillo,5/24/88,###-##-9627,OH
43,Ann,Romero,3/16/77,###-##-1940,CT
1072,Mark,Sanchez,7/23/62,###-##-5707,IL
1869,Christopher,Williams,1/21/73,###-##-6972,AZ
92,Daniel,Stewart,1/06/63,###-##-8344,AZ
1107,Jason,Lopez,1/17/58,###-##-8706,WI
91,Grace,Garcia,6/30/80,###-##-5358,CO
940,Adam,Lee,1/22/71,###-##-5729,PA
593,Brian,Rivera,2/09/79,###-##-5280,WV
1327,Justin,Howard,3/21/62,###-##-7396,AL
1068,Bonnie,Joseph,10/10/91,###-##-0637,WI
98,Michael,Richard,8/12/63,###-##-1758,WI
1935,Matthew,Ortega,2/10/59,###-##-0957,AZ
1525,Christine,Sparks,6/26/69,###-##-9890,RI
1334,Troy,Reynolds,4/04/67,###-##-0710,NV
1267,Ronald,Taylor,7/09/79,###-##-5753,CA
1370,Donald,Lyons,6/10/58,###-##-4933,IN
1461,Lisa,Hicks,10/03/90,###-##-1465,MI
1383,Carolyn,Wells,11/27/76,###-##-6075,MA
1945,Sandra,Powers,10/10/91,###-##-0672,WA
1645,Dawn,Brown,3/10/59,###-##-8962,WY
807,George,Oconnell,3/31/75,###-##-5547,DE
1246,Jackson,Lucero,5/12/63,###-##-6377,MI
764,Travis,Smith,4/23/92,###-##-2120,LA
1653,Bianca,Wong,7/15/78,###-##-9401,LA
427,Willie,Allen,1/29/93,###-##-6874,RI
1321,Andrew,Rodgers,8/07/91,###-##-7522,ME
133,James,James,5/07/81,###-##-0406,OK
1105,Amy,Estrada,7/30/84,###-##-6593,WI
73,Mary,Carrillo,6/10/60,###-##-2605,NJ
892,Jamie,Jones,2/12/80,###-##-0066,HI
452,Carol,Foster,1/13/88,###-##-5822,DE
2056,Ann,Mitchell,6/14/66,###-##-6382,AK
1071,Cynthia,Robinson,5/10/68,###-##-2765,LA
548,Lauren,Allen,6/14/68,###-##-5523,AR
381,James,Baker,10/09/73,###-##-0137,OK
2053,Katherine,Glass,1/14/66,###-##-9120,NH
377,Lori,Alvarado,8/07/87,###-##-3011,AL
810,Elizabeth,Mack,10/31/87,###-##-0674,WI
678,Daniel,Rodriguez,7/05/70,###-##-5485,NC
103,Melanie,Garrett,12/13/57,###-##-9240,UT
1775,William,Landry,2/26/73,###-##-8042,MT
985,Chelsea,Gallagher,8/03/93,###-##-7805,VT
1931,Stephanie,Greer,4/10/65,###-##-7531,VA
174,Victoria,Mcdaniel,9/14/65,###-##-9517,CA
1187,Francisco,Archer,8/19/81,###-##-6654,AK
1141,Caroline,Morrison,4/24/66,###-##-1880,MO
1562,Mary,Daniel,6/12/71,###-##-9538,IL
655,Paul,Harris,3/27/73,###-##-1734,TX
949,Jay,Smith,4/02/79,###-##-8985,KY
1850,Ashlee,Hall,10/10/62,###-##-0455,MT
177,Meagan,Harrington,8/04/88,###-##-1677,IL
537,Jasmine,Ho,1/30/77,###-##-0531,MA
2027,Jill,Jones,10/10/77,###-##-4898,IL
1702,Kathryn,Rodgers,12/23/79,###-##-2077,CA
1059,Karen,Nolan,5/11/88,###-##-9034,MA
82,Randy,Johnston,7/25/89,###-##-6052,NC
2020,William,Doyle,2/14/67,###-##-8137,AR
1531,Dylan,Singh,8/12/65,###-##-1489,CT
1221,Erin,Norton,8/12/91,###-##-8009,NE
604,Jonathan,Bennett,2/08/91,###-##-0104,NJ
1878,Abigail,Wong,3/04/88,###-##-1896,FL
2008,Shawn,Bennett,7/19/80,###-##-0598,OK
202,Dawn,Kramer,9/11/88,###-##-7257,LA
1121,Steven,Taylor,1/21/58,###-##-0487,AL
124,Michael,Newton,8/02/73,###-##-8678,OK
843,James,Day,2/16/91,###-##-2205,VT
1871,Alec,Williams,8/08/81,###-##-3293,AL
389,Jill,Torres,2/27/58,###-##-9730,CT
2072,Stephanie,Sullivan,5/12/73,###-##-1275,NJ
1578,James,Knight,6/14/70,###-##-0910,TX
144,Brandon,Lyons,11/25/63,###-##-8469,ME
1614,Melinda,Martin,1/26/74,###-##-3356,CO
1703,Sara,Riley,4/04/80,###-##-8451,MA
1753,James,Parks,3/05/72,###-##-5111,MI
930,Andrew,Wilkerson,7/18/61,###-##-1067,AR
647,Gary,Rice,10/25/65,###-##-3962,WY
1885,Juan,Carr,10/10/59,###-##-1881,MT
388,Michael,Chapman,10/08/93,###-##-7919,NC
1130,Mike,Richardson,5/02/75,###-##-2258,AR
312,Daniel,Ramirez,7/05/65,###-##-9999,NJ
1867,Anna,Davies,1/08/79,###-##-2450,ID
868,Stephanie,Harper,4/15/66,###-##-2813,IL
1859,Christopher,Garcia,4/30/62,###-##-1247,AL
359,Joshua,Webb,10/29/64,###-##-4482,AR
2108,Kelly,Evans,1/25/69,###-##-1066,PA
752,Marissa,Davis,6/15/75,###-##-5270,AZ
90,Jermaine,Clark,4/12/79,###-##-5497,MA
733,Tanner,Medina,7/18/58,###-##-5988,VA
951,Donald,Dunlap,1/18/93,###-##-9427,NV
1628,Joseph,Ewing,11/21/57,###-##-6418,NJ
1243,Kimberly,Smith,1/07/74,###-##-9371,ME
1247,Nicholas,Obrien,5/11/84,###-##-2045,AL
917,Jason,Perez,6/18/68,###-##-5216,NY
2062,Jesse,Hernandez,1/10/77,###-##-1848,KS
413,Brendan,Newman,4/08/80,###-##-0507,PA
2066,Marisa,Cunningham,4/15/63,###-##-7660,SD
365,Christopher,Lee,11/03/63,###-##-2873,UT
654,Laura,Walker,1/02/85,###-##-7447,ME
625,Richard,Downs,9/14/67,###-##-7597,TN
62,Cynthia,Black,10/13/57,###-##-1892,WY
1695,Sara,Vazquez,4/08/72,###-##-1732,SD
1209,Logan,Reynolds,4/16/94,###-##-4618,NH
938,Michele,Brown,9/22/78,###-##-5035,NM
396,James,Rodriguez,1/25/81,###-##-3339,OR
458,Jason,Jennings,7/06/72,###-##-7206,CA
1590,Rebecca,Petty,1/27/61,###-##-3996,NV
1416,Jeremy,Wagner,12/29/86,###-##-2501,KY
1098,Mary,Vincent,9/01/65,###-##-2149,GA
1279,Nathan,Wolfe,5/03/76,###-##-2075,SC
492,Jose,Adkins,12/13/71,###-##-5374,WV
1979,Miranda,Mitchell,10/06/67,###-##-9105,UT
1224,Peter,Hunt,4/19/66,###-##-5402,IL
341,Katie,Lynn,10/17/83,###-##-3701,WA
598,Nancy,Smith,2/12/65,###-##-2243,SC
906,Adam,King,5/14/90,###-##-9527,OR
490,Shawna,Chan,12/17/91,###-##-6067,LA
296,Joseph,Dudley,7/17/79,###-##-6312,NH
1519,Lori,Gallagher,2/08/57,###-##-7013,KY
2004,Antonio,Velasquez,1/03/84,###-##-8910,MO
719,Steven,Harris,12/14/70,###-##-2872,NC
953,Amanda,Brown,1/27/80,###-##-2038,OR
1344,Ashley,Morales,4/25/63,###-##-9001,NV
778,Gina,Holder,3/30/71,###-##-0286,OK
1,Donald,Flores,4/06/84,###-##-5306,TX
1122,Tanner,Coleman,3/10/59,###-##-4304,WV
852,Julie,Burnett,5/04/75,###-##-8126,IA
335,Eric,Ball,4/13/63,###-##-4040,MO
1006,Alejandro,Harris,8/15/76,###-##-5703,MD
154,Cindy,Rojas,6/16/89,###-##-1963,OH
467,Nicole,Mueller,8/11/91,###-##-4424,NV
1332,Karen,Dennis,8/27/83,###-##-0487,TN
614,Austin,Rodriguez,9/06/94,###-##-0095,VA
2061,Frances,Stewart,5/02/82,###-##-1069,DE
1786,Katie,Camacho,9/24/59,###-##-2447,MN
541,Samuel,Huber,4/11/81,###-##-9237,MD
1322,Thomas,Hernandez,6/10/64,###-##-9293,VA
1343,Sharon,Bryant,5/08/65,###-##-9955,NH
1882,Daniel,Choi,3/10/68,###-##-1109,NV
835,Janice,Perry,6/04/66,###-##-9017,MA
1275,Lauren,Cruz,6/19/85,###-##-2521,AK
1017,Steven,Taylor,4/03/76,###-##-5758,DE
682,Teresa,Padilla,7/22/84,###-##-8415,ND
997,Andrew,Brooks,3/26/67,###-##-7690,RI
264,Antonio,Townsend,4/11/92,###-##-1545,MO
1777,Kristina,Hill,6/23/84,###-##-0946,NY
307,Sarah,Johnson,1/02/68,###-##-2953,IA
510,Aaron,Johnson,7/21/70,###-##-0554,IA
1696,Michael,Brown,2/01/66,###-##-8406,CO
640,Phillip,Brown,6/29/94,###-##-3100,KS
954,Kevin,Pollard,2/19/77,###-##-3147,IA
1124,Tommy,Castro,11/24/87,###-##-4794,OR
398,Courtney,Walker,10/29/76,###-##-6744,FL
2089,Daniel,Ramsey,9/01/69,###-##-5559,NC
959,Michael,Robbins,2/08/81,###-##-8280,IN
198,Robert,Murphy,10/05/78,###-##-4258,MD
1605,Matthew,Parks,1/15/63,###-##-4990,NJ
1310,Randy,Acosta,8/26/83,###-##-8896,NH
1152,Anna,Harrell,7/20/79,###-##-2164,NH
1891,Julie,Russell,6/01/63,###-##-9843,AZ
1909,Melissa,Martinez,1/13/77,###-##-3101,AR
123,Donna,King,5/22/84,###-##-5938,IA
2051,Ashley,Ryan,8/28/75,###-##-0520,CO
44,Joshua,Golden,9/04/68,###-##-9925,ME
60,Jared,Miranda,10/05/87,###-##-8276,MN
1549,Richard,Martinez,5/13/92,###-##-2702,VA
179,Kimberly,Andersen,8/04/71,###-##-1839,GA
1346,Kenneth,Moore,4/30/82,###-##-0900,IL
1470,Cheryl,Payne,6/11/67,###-##-0836,CT
1063,Lauren,Lewis,3/09/57,###-##-6569,NE
714,Rachel,Anderson,10/29/91,###-##-2308,DE
1742,Jessica,Snyder,5/27/64,###-##-3836,NM
1704,Edgar,Jennings,9/10/74,###-##-6853,VT
912,Mark,Brown,3/11/73,###-##-2028,AK
1981,Erica,Wilson,8/23/62,###-##-0180,NE
1647,Miguel,Pierce,2/18/71,###-##-7771,VT
120,Robert,Kim,3/03/67,###-##-6091,DE
703,Todd,Garza,10/22/76,###-##-3578,OH
440,Jessica,Thompson,3/13/65,###-##-1210,PA
1274,Erica,Waller,8/17/87,###-##-0085,WV
522,Thomas,Stark,12/02/92,###-##-0771,AZ
865,Emily,Morris,9/22/73,###-##-0441,MI
599,Jose,Jennings,5/24/74,###-##-5779,UT
915,Tricia,Stone,10/29/92,###-##-9831,VT
1311,Tiffany,Robertson,1/21/87,###-##-2229,NV
326,Stacy,Chambers,11/20/74,###-##-8177,IA
1503,Tyler,Davis,7/25/75,###-##-5636,MA
27,Scott,Mitchell,6/16/58,###-##-0295,NV
439,Samantha,House,9/18/63,###-##-1318,IN
839,Antonio,Jones,8/24/68,###-##-3726,ND
266,Christopher,Blackburn,11/17/67,###-##-6161,WI
817,Ryan,Hayes,12/19/58,###-##-2420,MN
375,Michelle,Hull,9/16/65,###-##-6277,WV
2034,Daniel,Bradley,6/24/66,###-##-7873,TN
1542,Jason,Alexander,7/24/73,###-##-3904,KY
911,Audrey,Crane,2/03/68,###-##-3433,ND
1089,Scott,Walker,7/06/69,###-##-2922,NH
920,Pamela,Andrews,5/17/70,###-##-7569,SC
1407,Andrew,Boone,11/23/71,###-##-7128,AZ
1287,William,Nash,3/25/86,###-##-6906,AK
288,Leah,Huynh,12/22/73,###-##-8917,WA
1678,Margaret,Peterson,1/11/72,###-##-6604,AL
1429,Richard,Neal,3/04/83,###-##-4798,DE
926,Brian,Frost,3/25/62,###-##-1600,AZ
947,David,Logan,11/23/59,###-##-4440,AZ
1932,Paige,Carter,7/15/94,###-##-0153,IL
2047,Jennifer,Garcia,2/03/94,###-##-6599,MA
557,Tom,Diaz,10/20/68,###-##-8562,MI
1317,Sean,Nguyen,12/07/84,###-##-7578,MO
1934,Chelsea,Gibson,11/12/94,###-##-5956,MS
2087,Kaitlyn,Navarro,6/03/72,###-##-7020,LA
1220,Alejandra,Castillo,1/07/73,###-##-7442,CT
552,Vanessa,Russell,5/09/58,###-##-7025,VT
121,Jeremy,Arias,4/08/79,###-##-0400,WI
1235,Jason,Hurley,1/16/80,###-##-8792,CO
2003,Shannon,Smith,10/08/73,###-##-5776,CT
1196,Justin,Goodwin,8/01/69,###-##-1175,AR
1437,Cynthia,Moreno,10/25/79,###-##-6949,IA
1319,Gary,Parker,8/23/59,###-##-8965,NC
1955,Sara,Ramirez,8/17/94,###-##-8224,WY
1170,Amanda,Kelly,5/04/57,###-##-4945,NE
1534,Marie,Fletcher,7/22/57,###-##-2740,NH
1750,Tamara,Sutton,2/22/60,###-##-6071,NE
1740,Denise,Reynolds,12/25/80,###-##-3349,VT
1675,Joshua,Jensen,9/16/86,###-##-1905,KY
1797,Megan,Taylor,9/25/74,###-##-0911,WV
1434,Kimberly,Harris,3/15/80,###-##-5957,UT
327,Matthew,Maldonado,8/12/75,###-##-2760,NC
259,Tyler,Odonnell,2/03/58,###-##-4977,MO
826,Crystal,Gillespie,9/01/65,###-##-2014,NJ
1035,Charles,Rangel,8/08/58,###-##-1578,WA
606,Janet,Conway,11/16/82,###-##-0264,MT
698,Gregory,Bell,11/07/71,###-##-1739,MD
2107,Jordan,Kennedy,11/18/91,###-##-3302,KS
272,Daniel,Peterson,10/15/67,###-##-5262,LA
1922,Suzanne,Duncan,8/05/70,###-##-1866,DE
1566,Jared,Cole,7/05/93,###-##-9210,CA
1479,Sarah,Gill,5/29/79,###-##-2475,ID
1953,Gina,Moon,4/16/89,###-##-6026,DE
1199,Kristen,Gomez,2/14/94,###-##-3365,CO
1565,Brandi,Herrera,8/21/67,###-##-2202,MO
785,Scott,Smith,7/08/92,###-##-7083,MO
525,Andrew,Rocha,11/15/80,###-##-6711,VA
1384,Carol,Gonzalez,5/15/65,###-##-7727,ND
34,Tyler,Allen,10/20/90,###-##-2723,LA
357,Eric,Stewart,11/02/85,###-##-1687,NE
338,Tara,Weiss,1/26/84,###-##-1537,KY
1132,Melissa,Long,4/17/82,###-##-0270,WI
600,Austin,Moran,11/08/86,###-##-4629,MO
1646,Sheila,Fuentes,7/26/69,###-##-0928,GA
820,Michael,Jackson,5/06/61,###-##-0399,ND
761,Alexander,Robbins,5/28/61,###-##-1810,NY
1167,William,Young,10/08/57,###-##-6502,IN
812,Amber,Collins,5/18/76,###-##-2118,NV
185,Sarah,Ware,2/13/86,###-##-5840,OR
1242,James,Sanchez,9/18/86,###-##-9729,WV
718,Mary,Cisneros,2/20/79,###-##-6532,IN
1264,Lisa,Peterson,7/17/91,###-##-0624,TX
1943,David,Hunt,11/10/58,###-##-8751,CA
424,Heather,Eaton,12/29/88,###-##-4343,ME
1040,Christine,Long,1/15/63,###-##-4307,OH
1081,Edward,Rogers,7/31/92,###-##-4719,RI
1512,Robert,Hernandez,10/30/77,###-##-5768,VT
916,Matthew,Wells,3/19/82,###-##-3424,IA
1333,Ellen,Jackson,7/21/68,###-##-6239,PA
364,Thomas,Brown,1/11/62,###-##-6614,AK
1634,Karen,Thompson,8/05/72,###-##-0708,HI
126,Debra,Barr,2/12/89,###-##-7326,MT
567,Melissa,Johnson,5/27/83,###-##-3935,LA
414,Ronald,Boyd,11/04/83,###-##-7000,MS
1010,Adam,Davis,3/14/59,###-##-9864,NJ
1014,James,Erickson,2/17/79,###-##-6184,RI
1208,William,Lane,4/15/82,###-##-0409,VT
53,John,White,2/24/82,###-##-4393,ME
722,Pamela,Ortiz,3/13/90,###-##-6253,PA
1391,Donna,Clark,4/07/87,###-##-3543,NC
670,Mike,Burke,5/09/79,###-##-3812,NY
2049,Michelle,Hill,1/26/57,###-##-2454,AL
423,Dana,Davis,3/02/67,###-##-4598,MT
1181,Brittany,Webster,1/28/80,###-##-2296,TX
899,Justin,Romero,5/25/88,###-##-5569,OH
1396,Brandon,Miller,4/01/74,###-##-2443,NM
648,Melissa,Hendricks,9/16/61,###-##-6637,KS
245,Kimberly,Scott,10/10/64,###-##-2120,OK
845,Amy,Williams,10/10/58,###-##-0952,AK
1950,William,Wright,11/16/75,###-##-7918,MD
362,Rachel,Mcdowell,4/26/79,###-##-2963,AK
470,Barbara,Estrada,12/20/83,###-##-0289,NV
539,William,Jones,8/13/67,###-##-4239,MD
766,Michael,Williams,5/27/71,###-##-4633,OK
450,Adrian,Parker,4/08/86,###-##-9399,CO
1210,Ashley,Rivera,7/23/64,###-##-7934,NE
923,Matthew,Griffin,1/02/87,###-##-3734,VT
378,Taylor,Norman,2/06/87,###-##-7109,UT
1297,Harry,Roberts,2/27/68,###-##-9243,IN
1294,Shawn,Snyder,4/14/65,###-##-9603,OK
617,Courtney,Sanchez,12/23/69,###-##-5491,OK
2100,Cory,Nguyen,2/13/88,###-##-9204,NH
1300,Dillon,Porter,7/08/94,###-##-3794,FL
1720,William,Leach,6/11/75,###-##-5386,NV
1119,Amanda,Sanders,6/17/64,###-##-8479,VT
1949,Bernard,Kim,10/04/68,###-##-3296,IL
1020,Susan,Mendez,2/23/89,###-##-6760,HI
512,Lindsay,Harris,9/23/67,###-##-4974,IL
1825,Elizabeth,Mckay,6/18/75,###-##-4629,MA
1355,Laura,Gonzalez,2/23/91,###-##-0054,CO
314,Amanda,Ross,6/06/57,###-##-0611,KY
597,Alejandro,Scott,11/05/68,###-##-3244,OK
370,Derek,Sanchez,12/04/64,###-##-1818,MI
895,Patrick,King,6/20/73,###-##-2638,ME
1846,Jill,Hamilton,11/07/91,###-##-9698,CA
2063,Brooke,Peterson,7/31/65,###-##-1545,MS
995,Michael,Haas,10/12/61,###-##-8176,WY
2065,Laura,Clark,11/01/83,###-##-9301,SC
907,Debbie,Hill,6/12/68,###-##-0343,LA
1049,Mike,Miller,11/20/80,###-##-6130,MT
1993,Gabriel,Peters,12/27/87,###-##-3489,TX
1545,Jeffrey,Brown,12/03/88,###-##-0673,CA
473,Jason,Campbell,7/24/76,###-##-3475,UT
1896,Anne,Gill,5/24/89,###-##-0549,ME
520,Katherine,Wilson,12/16/72,###-##-2381,VT
218,Joseph,Mcintosh,7/17/61,###-##-1041,TN
662,Erin,Ortiz,7/25/62,###-##-1510,TX
1907,Donald,Foster,7/05/84,###-##-2750,IL
1612,Erin,Gallegos,2/20/90,###-##-0552,SC
1171,Stephen,Reed,5/18/60,###-##-5458,MT
731,Ashley,Gutierrez,12/11/91,###-##-0123,ME
1335,Eileen,Benson,11/07/66,###-##-5795,IL
781,Reginald,Jackson,8/10/65,###-##-6778,CT
1778,Felicia,Edwards,12/26/83,###-##-0974,IA
113,Dawn,Schmidt,12/08/82,###-##-2713,TX
391,Jill,Hall,11/13/83,###-##-8813,AZ
1845,Laura,Fox,11/05/90,###-##-8109,NE
158,Darlene,Ellis,9/13/94,###-##-3881,KY
1320,Lisa,Harris,10/22/59,###-##-0170,FL
1951,David,Miller,4/13/76,###-##-1387,MT
69,Eric,Clark,11/21/71,###-##-3894,ME
1759,Rachel,Washington,11/07/85,###-##-8983,WI
1365,Bianca,Torres,12/28/78,###-##-7874,TN
1671,Angela,Smith,3/13/61,###-##-5600,NY
1424,Pamela,Hale,10/30/69,###-##-3067,ME
635,Kyle,Rivera,12/12/92,###-##-3275,AR
1044,Shari,Stewart,2/26/70,###-##-8470,IA
2035,Nathan,Sheppard,8/07/68,###-##-8280,MI
1371,Patricia,Ferguson,4/27/59,###-##-5356,AR
238,Natalie,Porter,2/05/74,###-##-1071,DE
286,Robert,Anderson,5/27/82,###-##-4340,TN
1131,Andrew,Howard,8/11/65,###-##-5489,AL
477,Randy,Mack,9/17/76,###-##-8346,AZ
1763,Crystal,Thomas,7/23/72,###-##-9079,OR
1963,Angela,Reyes,7/26/59,###-##-4418,KY
72,Charles,Williams,1/09/72,###-##-1525,KY
1450,Andrea,Brown,12/28/67,###-##-9598,IN
504,Timothy,Henson,4/18/87,###-##-0242,WY
1789,Terri,Levine,3/29/87,###-##-6427,VT
971,Jesse,Pacheco,7/17/69,###-##-0584,CA
247,Julie,Jacobs,4/12/84,###-##-4568,NE
279,Stephanie,Hoover,8/30/90,###-##-5541,UT
2104,Veronica,Blake,5/28/91,###-##-4434,UT
2036,Matthew,Smith,8/10/58,###-##-1697,WY
1329,Elizabeth,Lynn,8/01/93,###-##-2211,KY
540,Devin,Johnson,7/11/64,###-##-3213,UT
284,Cameron,Turner,8/02/64,###-##-6438,NC
1548,Luke,Robinson,4/10/93,###-##-5430,TN
1834,Cheryl,Carpenter,1/03/94,###-##-8234,LA
183,Loretta,Ramirez,12/20/80,###-##-6782,AR
1843,Anthony,Garner,6/16/93,###-##-9060,ND
888,Walter,West,9/04/67,###-##-7787,NV
594,Todd,Brown,4/30/78,###-##-6104,NM
562,Jenny,Reed,8/23/68,###-##-9156,WY
1337,Joseph,Paul,2/08/94,###-##-9283,NJ
666,Samantha,Brewer,9/13/94,###-##-0433,ND
309,Jacqueline,Shelton,11/27/84,###-##-7295,MO
967,Patricia,Hamilton,7/07/91,###-##-5191,NE
110,Megan,Cook,5/21/74,###-##-5748,HI
936,Thomas,Caldwell,1/25/87,###-##-7036,TX
1433,Samuel,Ryan,1/24/93,###-##-2946,NJ
1879,Kayla,Monroe,1/10/69,###-##-4972,ND
404,Jessica,Harper,11/28/78,###-##-3504,MI
152,Chad,Copeland,5/07/67,###-##-9661,WA
46,Joseph,Anthony,3/06/89,###-##-5196,TX
984,Madeline,Irwin,9/03/58,###-##-0671,AK
318,Chad,West,1/12/74,###-##-1189,MN
225,Aaron,Brown,9/02/70,###-##-8081,KS
1266,Megan,Powell,2/21/62,###-##-6166,KS
354,Ivan,Conley,1/25/82,###-##-0309,CA
344,Bianca,Page,2/22/87,###-##-3023,NM
1202,Matthew,Henry,3/30/81,###-##-6295,RI
1233,Wesley,Smith,5/17/75,###-##-7758,AR
1986,Shannon,Torres,1/06/83,###-##-1380,MS
2121,Noah,Herman,2/13/64,###-##-7801,ME
1684,Christina,Morgan,3/05/63,###-##-5012,CO
111,Lisa,Williams,7/14/91,###-##-5641,SD
715,Angela,Adams,5/09/73,###-##-7304,MO
869,Deborah,Anthony,4/02/80,###-##-8077,ND
514,Jeffrey,Owens,9/05/72,###-##-6976,MT
1787,Kevin,Howard,5/31/80,###-##-8767,KY
229,Tina,Peters,7/08/59,###-##-3646,MO
1200,Louis,Hart,5/09/57,###-##-5742,RI
1352,Juan,Barry,4/07/64,###-##-0783,VA
1184,Michael,Garrett,9/17/65,###-##-4728,IN
896,Justin,Miller,8/08/93,###-##-6228,NE
287,Chad,Robinson,8/30/76,###-##-1062,RI
763,Daniel,Callahan,5/31/79,###-##-8277,NV
609,William,Payne,5/25/66,###-##-6537,NJ
993,Alvin,Shea,7/30/72,###-##-5567,PA
658,Joseph,Cox,6/06/69,###-##-3058,MO
1677,William,Miranda,1/14/76,###-##-8664,NJ
890,Christopher,Mcintosh,11/11/63,###-##-6744,NY
876,Ashley,Herring,5/21/84,###-##-7136,CA
22,Jeremy,Ellis,10/14/61,###-##-5018,LA
1047,James,Miller,8/14/76,###-##-6770,VT
1367,Jimmy,Walker,6/13/91,###-##-8798,CA
795,Pamela,Huynh,7/02/80,###-##-6706,AZ
831,Sherri,Nguyen,6/17/63,###-##-7282,AR
1253,Victor,Gonzales,12/20/56,###-##-6873,AR
934,Kevin,Johnson,5/31/90,###-##-2470,UT
104,Stephanie,Walker,2/06/78,###-##-3945,GA
1362,Matthew,Taylor,4/06/68,###-##-2274,WA
429,Renee,Decker,2/04/88,###-##-8096,UT
1903,Jonathan,Avila,5/31/65,###-##-7342,CO
1523,Mary,Lee,9/02/66,###-##-1358,WV
33,Andrew,Jennings,4/22/88,###-##-8660,CA
1206,Ashley,Fernandez,9/14/90,###-##-6998,PA
1011,Thomas,Kidd,12/12/82,###-##-7421,WV
1075,Thomas,Shaffer,12/14/63,###-##-4522,FL
1052,John,Douglas,9/26/75,###-##-6117,AR
684,Robert,Benitez,10/24/57,###-##-0167,IA
1328,Micheal,Ramirez,7/31/85,###-##-3317,LA
386,Jennifer,Watson,9/10/89,###-##-6997,UT
445,Sarah,Mitchell,10/01/57,###-##-7146,NY
1021,Erica,Moore,3/20/57,###-##-0654,MN
1969,Michael,Pruitt,11/14/85,###-##-6561,WA
487,Jennifer,Johnson,4/15/80,###-##-5708,LA
739,Darrell,Moreno,11/30/80,###-##-7021,AK
1331,Andrew,Barrett,8/16/59,###-##-1591,MT
1648,Michael,Le,12/28/86,###-##-1535,NV
380,Ryan,Myers,7/09/73,###-##-0813,LA
1694,Courtney,Rivera,1/18/61,###-##-8563,SD
1139,Michelle,Parrish,5/26/63,###-##-8720,WV
558,Ronnie,Nash,6/05/59,###-##-1227,OH
356,Jesse,Jackson,8/11/73,###-##-7626,TX
95,Paula,Gilbert,7/13/69,###-##-6532,LA
2059,Jared,Martin,4/05/77,###-##-3266,OK
894,Joshua,Massey,6/21/93,###-##-9713,NE
1796,William,Martin,1/09/57,###-##-1042,AR
1053,Ernest,Guzman,1/24/69,###-##-6904,RI
2124,Lisa,Porter,7/28/62,###-##-0789,WI
1165,Carlos,Diaz,6/25/72,###-##-9779,NE
1812,Richard,Neal,12/08/76,###-##-4878,ID
101,Andres,Rivera,5/19/93,###-##-2760,PA
515,Nicole,Neal,3/23/68,###-##-7256,ND
697,Kimberly,Stephens,7/28/81,###-##-8363,AR
1660,Erika,Dalton,3/23/90,###-##-6658,NJ
1774,Catherine,Osborne,6/08/86,###-##-0018,OH
530,Amanda,Miller,10/08/90,###-##-0431,WV
1493,Kristin,Johnson,5/18/80,###-##-1647,WV
571,William,Rush,10/26/80,###-##-4311,WA
858,Joe,Brown,3/13/94,###-##-9088,KS
1133,Kimberly,Nelson,12/04/78,###-##-2012,AZ
1496,Heather,Foster,1/07/59,###-##-8466,MO
1345,Brandy,Lambert,9/06/82,###-##-8681,OH
969,Amy,Small,5/19/93,###-##-3612,NH
825,Christopher,Francis,10/31/82,###-##-8536,IA
1480,Lorraine,Butler,10/13/81,###-##-1324,RI
1262,Timothy,Scott,4/11/78,###-##-2563,WI
1256,Adam,Leonard,5/14/82,###-##-3927,SD
607,Ashley,Baker,10/07/91,###-##-3210,WI
165,Carolyn,Owens,5/02/79,###-##-9140,CA
1989,Michelle,Nolan,4/28/63,###-##-2978,CO
689,Thomas,Rose,6/19/79,###-##-6533,OR
1475,Robert,Flores,4/17/73,###-##-1191,NE
1268,Bryan,Whitehead,1/10/89,###-##-9651,NV
1800,Michael,Decker,7/17/59,###-##-4721,TN
957,Taylor,Watson,9/17/86,###-##-5802,ME
633,Hannah,Richards,9/10/78,###-##-3709,MO
575,Haley,Sanchez,10/10/91,###-##-2490,VA
192,Cynthia,Gray,9/10/57,###-##-7826,GA
1975,Elizabeth,May,4/07/87,###-##-5485,ND
164,Tracy,Miles,5/21/76,###-##-1924,NY
313,James,Herrera,4/27/58,###-##-6143,NM
664,Benjamin,Galvan,6/14/69,###-##-7125,OR
659,David,Choi,12/06/70,###-##-2416,GA
1973,Jeffrey,Mccarty,2/27/90,###-##-9024,NC
1174,Sherry,Monroe,5/18/85,###-##-3276,LA
838,Michael,Gonzalez,2/26/77,###-##-6500,NH
1771,Darren,Harrell,3/06/62,###-##-5656,OR
1705,Joseph,Long,7/31/81,###-##-2926,ND
867,Tammy,Curry,12/13/90,###-##-6118,CO
379,Anthony,Thomas,9/03/64,###-##-5389,TN
1819,Rodney,Lawson,10/22/88,###-##-6989,NM
770,Steven,Gould,6/15/69,###-##-1538,MN
2069,Austin,Cox,1/07/83,###-##-9405,LA
383,Shelly,Miller,4/30/62,###-##-5240,IL
1937,Rachel,Pratt,12/05/66,###-##-4743,AR
1586,John,Hill,1/07/92,###-##-7717,TX
1795,Gerald,Hernandez,3/01/82,###-##-3648,CA
1227,Donald,Richardson,5/25/69,###-##-2416,CA
1172,Philip,Cannon,1/19/92,###-##-2516,CA
2031,William,King,6/10/67,###-##-5590,AK
1226,Lee,Reed,5/25/87,###-##-0149,OR
1126,Veronica,Strickland,4/20/74,###-##-4151,NH
533,James,Gonzalez,1/07/65,###-##-2194,NC
1114,Jacqueline,Ward,12/20/86,###-##-4524,NH
215,Jose,Johnson,5/22/67,###-##-2628,ND
1451,Ronald,Smith,9/28/57,###-##-4374,DE
1214,Katherine,King,9/26/63,###-##-6189,RI
701,Carla,Burnett,9/07/77,###-##-0943,CA
2017,Evelyn,Bradley,6/18/57,###-##-0969,SC
1193,Thomas,Jordan,2/17/58,###-##-2612,PA
1398,Eric,Hernandez,6/03/59,###-##-8875,IL
1056,Stephen,Hicks,10/23/66,###-##-6660,VT
891,Terri,Richardson,8/09/65,###-##-9746,IL
990,Charlotte,Evans,4/27/73,###-##-5916,PA
1964,Jeffrey,Rose,7/25/59,###-##-3871,FL
792,Jeanne,Williams,12/10/64,###-##-6601,TX
932,Rebecca,Anderson,3/18/78,###-##-7809,MN
1380,Jacob,Chavez,10/10/78,###-##-4084,PA
529,Richard,Nelson,11/04/92,###-##-1489,FL
1626,Alison,Collins,9/10/91,###-##-8839,LA
1066,Holly,Fox,8/11/85,###-##-3929,WY
738,Carolyn,Williams,3/01/78,###-##-7077,RI
447,Cathy,Cooper,2/15/94,###-##-8979,MT
1633,Keith,Horn,12/13/88,###-##-3102,MI
1472,Suzanne,Saunders,10/29/66,###-##-1282,GA
1029,William,Molina,3/18/89,###-##-9180,AK
2075,Steven,Stanton,12/09/93,###-##-0927,MO
1710,Bryan,Stephens,5/01/91,###-##-9078,TX
1793,Aaron,Allen,12/14/69,###-##-6459,HI
20,Gina,Hunt,8/12/86,###-##-3821,NV
1111,Lori,Wilson,12/03/80,###-##-3755,IA
114,Kristi,Spencer,8/30/63,###-##-3145,NE
1616,Michelle,Huffman,5/13/74,###-##-5948,AL
970,Valerie,Simmons,8/07/73,###-##-4323,AR
762,John,Medina,12/24/59,###-##-5244,GA
730,Denise,Ewing,9/02/74,###-##-5290,LA
878,Anna,Meyers,6/14/76,###-##-6602,AZ
1947,Ashley,Bray,10/01/81,###-##-8804,WV
1976,Gabrielle,Ochoa,12/02/69,###-##-5306,ME
873,Brandon,Dunn,11/29/73,###-##-4941,FL
329,Elizabeth,Chavez,12/04/60,###-##-2197,MI
1252,Kyle,Rios,4/06/67,###-##-2992,WA
1830,Jason,Hill,7/27/91,###-##-4407,IL
749,Kristen,Li,5/25/91,###-##-3025,MD
660,Charles,Simmons,10/19/72,###-##-4900,WA
2094,Derek,Dixon,5/22/63,###-##-2196,AK
61,Sarah,Williams,7/30/92,###-##-0343,AK
1271,Kaitlin,Costa,8/26/89,###-##-7674,VT
2032,Matthew,Jones,11/30/89,###-##-0361,MA
324,Molly,Bennett,7/14/84,###-##-4164,MA
649,Bobby,Jones,2/15/68,###-##-1848,NH
1061,Jennifer,Lewis,4/13/68,###-##-4353,ID
1507,Brian,Wilson,2/14/63,###-##-0693,GA
1567,Thomas,Graham,10/02/88,###-##-5911,MA
1655,Deborah,Acosta,7/08/92,###-##-1988,ID
1591,Mitchell,Cook,2/08/88,###-##-4451,PA
1205,Amy,Jacobs,8/20/57,###-##-4913,RI
611,Kimberly,Williams,10/02/62,###-##-1474,OH
55,John,Williams,5/11/63,###-##-8882,MO
1617,Bernard,Martinez,1/01/59,###-##-2910,SC
588,Allison,Walter,10/21/78,###-##-5582,WY
840,William,Boyle,5/25/86,###-##-3702,SD
184,Jessica,Howell,11/02/62,###-##-8142,WA
128,Christine,Anthony,1/18/89,###-##-0561,NY
644,Samuel,Jones,6/10/89,###-##-3255,CT
1738,Kyle,Moore,9/18/70,###-##-5398,ND
373,Brittany,Vance,7/06/74,###-##-3913,TN
1302,Laura,Jacobson,2/05/62,###-##-9901,WV
1611,Erin,Briggs,2/25/87,###-##-6681,AR
1596,Stephen,Smith,5/13/63,###-##-9670,MI
1368,Douglas,Clark,3/10/82,###-##-7437,NV
1766,Brandon,Oneal,1/08/85,###-##-1872,MI
509,Andrew,Baldwin,7/19/60,###-##-9735,MO
222,Anna,Schroeder,3/27/72,###-##-3797,KY
1808,Valerie,Stone,1/07/94,###-##-8118,NE
980,Sean,Sanchez,11/29/63,###-##-1009,WI
1476,Vanessa,Graham,9/21/72,###-##-1982,NY
2009,Katherine,Anderson,9/26/88,###-##-8425,ME
2076,Erica,Gonzalez,8/29/67,###-##-7362,NC
1659,Stacy,Johnson,10/27/80,###-##-7345,FL
434,Kevin,Watts,6/20/57,###-##-3488,NH
119,Emily,Nguyen,11/27/60,###-##-6079,NV
244,Lynn,Hall,4/12/77,###-##-7857,OK
804,Gail,Johnson,6/06/90,###-##-3613,CT
212,Connie,Olsen,12/30/88,###-##-6860,OH
417,Michael,Church,11/27/59,###-##-5079,KY
555,Mike,Wilson,12/23/62,###-##-7316,MN
519,Crystal,Fisher,11/10/72,###-##-9745,ID
232,Charles,Duncan,2/14/80,###-##-9851,NC
898,Roy,Perkins,10/10/88,###-##-8096,FL
24,Dustin,Jackson,1/06/79,###-##-2345,HI
2086,Laura,Contreras,5/17/62,###-##-6546,WY
1709,Timothy,Morton,7/02/93,###-##-3871,SD
1606,John,Morrison,1/10/84,###-##-4470,MA
1917,Joseph,Wood,11/02/57,###-##-5341,FL
928,Oscar,Romero,3/08/87,###-##-5634,IL
1175,Shannon,Wilson,11/19/69,###-##-3974,UT
1500,James,Armstrong,7/23/75,###-##-4550,ND
848,Ronnie,Ellison,4/22/80,###-##-2267,WA
216,Joshua,Wilcox,9/27/86,###-##-7150,OK
274,Bryan,Rocha,2/03/64,###-##-8996,AZ
756,Matthew,Flynn,10/05/57,###-##-1385,VA
1925,Amanda,Turner,12/28/60,###-##-7060,MN
1731,Steven,White,3/05/59,###-##-4892,MA
1019,Andrea,Berry,2/14/89,###-##-6290,AL
1155,Shawn,Burke,1/01/60,###-##-9071,CA
449,Rhonda,Wilson,1/08/87,###-##-0832,VT
115,Jay,Hart,5/14/63,###-##-6255,CT
1636,Ashley,Martinez,4/13/86,###-##-5385,NV
84,Elizabeth,Johnston,8/03/74,###-##-2936,IL
1478,Andrew,Acevedo,6/29/91,###-##-6963,MT
384,Michelle,Lynch,3/28/72,###-##-8040,PA
1582,Cristian,Gibbs,2/08/63,###-##-9478,CT
